file,attack_type,t_start,t_stop,duration_s
S01_normal_DC1,1,165.01,188.91,23.9099999999952
S01_normal_DC1,1,206.64,232.41,25.7799999999949
S01_normal_DC1,2,97.9,109.25,11.3599999999977
S01_normal_DC1,2,40.85,61.27,20.4299999999959
S01_normal_DC1,3,70.29,107.18,36.8999999999927
S01_normal_DC1,3,86.02,105.97,19.959999999996
S01_normal_DC1,4,284.69,293.17,8.48999999999831
S01_normal_DC1,4,185.53,221.97,36.4499999999927
S01_normal_DC1,4,191.76,228.27,36.5199999999927
S01_normal_DC1,5,51.31,59.43,8.12999999999838
S01_normal_DC1,5,228.66,262,33.3499999999934
S01_normal_DC2,1,45.17,60.58,15.4199999999969
S01_normal_DC2,1,80.63,112.65,32.0299999999936
S01_normal_DC2,1,156.28,195.69,39.4199999999922
S01_normal_DC2,1,174.19,192.2,18.0199999999964
S01_normal_DC2,2,225.7,265.13,39.4399999999922
S01_normal_DC2,2,265.35,292.65,27.3099999999946
S01_normal_DC2,3,258.98,278.17,19.1999999999962
S01_normal_DC2,3,132.43,145.64,13.2199999999974
S01_normal_DC2,3,187.88,222.09,34.2199999999932
S01_normal_DC2,4,150.2,162.03,11.8399999999976
S01_normal_DC2,4,38.06,72.24,34.1899999999932
S01_normal_DC2,4,77,107.23,30.239999999994
S01_normal_DC2,4,221.09,233.52,12.4399999999975
S01_normal_DC2,5,79.88,94.58,14.7099999999971
S01_normal_DC2,5,93.76,113.24,19.4899999999961
S01_normal_DC2,5,178.86,200.18,21.3299999999958
S01_normal_DC2,5,246.89,271.82,24.939999999995
S01_normal_DC3,1,53.57,80.54,26.9799999999946
S01_normal_DC3,1,186.17,213.86,27.6999999999945
S01_normal_DC3,1,59.38,88.71,29.3399999999942
S01_normal_DC3,2,113.11,146.25,33.1499999999934
S01_normal_DC3,2,261.78,291.61,29.8399999999941
S01_normal_DC3,2,74.22,102.55,28.3399999999944
S01_normal_DC3,2,109.69,149.48,39.7999999999921
S01_normal_DC3,3,63.04,83.97,20.9399999999958
S01_normal_DC3,3,110.04,145.49,35.4599999999929
S01_normal_DC3,3,126.31,156.57,30.269999999994
S01_normal_DC3,3,120.83,152.97,32.1499999999936
S01_normal_DC3,4,189.64,208.99,19.3599999999961
S01_normal_DC3,4,29,46.4,17.4099999999965
S01_normal_DC3,5,249.09,278.92,29.8399999999941
S01_normal_DC3,5,37.01,61.98,24.979999999995
S01_normal_DC3,5,89.19,119.94,30.7599999999939
S01_normal_DC4,1,205.61,225.19,19.5899999999961
S01_normal_DC4,1,76.28,101.89,25.6199999999949
S01_normal_DC4,1,206.08,219.09,13.0199999999974
S01_normal_DC4,1,244.76,264.04,19.2899999999962
S01_normal_DC4,2,226.03,248.25,22.2299999999956
S01_normal_DC4,2,191.17,214.51,23.3499999999954
S01_normal_DC4,2,54.14,91.53,37.3999999999926
S01_normal_DC4,3,71.8,82.47,10.6799999999979
S01_normal_DC4,3,61.57,72.05,10.4899999999979
S01_normal_DC4,4,72.85,92.44,19.5999999999961
S01_normal_DC4,4,129.03,155.74,26.7199999999947
S01_normal_DC4,4,84.79,107.44,22.6599999999955
S01_normal_DC4,5,250.94,286.78,35.8499999999929
S01_normal_DC4,5,250.42,280.53,30.119999999994
S01_normal_DC4,5,153.91,179.89,25.9899999999948
S01_normal_DC5,1,170.57,209.8,39.2399999999922
S01_normal_DC5,1,136.33,165.79,29.4699999999941
S01_normal_DC5,1,228.57,240,11.4399999999977
S01_normal_DC5,1,183.69,210.59,26.9099999999946
S01_normal_DC5,2,280.44,296.15,15.7199999999969
S01_normal_DC5,2,125.98,157.06,31.0899999999938
S01_normal_DC5,3,129.5,143.84,14.3499999999971
S01_normal_DC5,3,113.41,150.35,36.9499999999926
S01_normal_DC5,3,128.93,139.09,10.169999999998
S01_normal_DC5,4,81.64,92.49,10.8599999999978
S01_normal_DC5,4,76.18,112.96,36.7899999999927
S01_normal_DC5,4,135.17,158.24,23.0799999999954
S01_normal_DC5,4,50.22,86.8,36.5899999999927
S01_normal_DC5,5,84.01,106.4,22.3999999999955
S01_normal_DC5,5,88.82,114.38,25.5699999999949
S01_normal_DC5,5,157.06,179.95,22.8999999999954
S01_normal_DC5,5,148.89,171.53,22.6499999999955
S01_normal_DC6,1,188.67,217.27,28.6099999999943
S01_normal_DC6,1,190.74,216.49,25.7599999999949
S01_normal_DC6,1,171.24,197.84,26.6099999999947
S01_normal_DC6,2,178.48,200.56,22.0899999999956
S01_normal_DC6,2,227.45,239.68,12.2399999999976
S01_normal_DC6,2,255.02,294.12,39.1099999999922
S01_normal_DC6,3,232.96,270.52,37.5699999999925
S01_normal_DC6,3,158.74,170.87,12.1399999999976
S01_normal_DC6,3,218.2,231.83,13.6399999999973
S01_normal_DC6,3,182.38,210.71,28.3399999999944
S01_normal_DC6,4,150.29,159.12,8.83999999999824
S01_normal_DC6,4,68.96,85.6,16.6499999999967
S01_normal_DC6,5,35.34,44.31,8.97999999999821
S01_normal_DC6,5,179.24,203.52,24.2899999999952
S01_normal_DC6,5,146.05,166.33,20.289999999996
S02_fault_100ms_DC1,1,82.73,112.87,30.149999999994
S02_fault_100ms_DC1,1,45.12,55.31,10.199999999998
S02_fault_100ms_DC1,1,54.62,69.81,15.199999999997
S02_fault_100ms_DC1,2,92.2,115.12,22.9299999999954
S02_fault_100ms_DC1,2,195.62,233.24,37.6299999999925
S02_fault_100ms_DC1,3,136.13,175.83,39.7099999999921
S02_fault_100ms_DC1,3,262.59,278.62,16.0399999999968
S02_fault_100ms_DC1,3,197.13,234.14,37.0199999999926
S02_fault_100ms_DC1,3,117.66,147.42,29.7699999999941
S02_fault_100ms_DC1,4,65.35,78.26,12.9199999999974
S02_fault_100ms_DC1,4,121.1,144.27,23.1799999999954
S02_fault_100ms_DC1,4,157.76,192.17,34.4199999999932
S02_fault_100ms_DC1,5,96.69,131.62,34.939999999993
S02_fault_100ms_DC1,5,165.51,177.85,12.3499999999975
S02_fault_100ms_DC1,5,260.15,297.46,37.3199999999926
S02_fault_100ms_DC1,5,263.3,285.79,22.4999999999955
S02_fault_100ms_DC2,1,82.84,103.88,21.0499999999958
S02_fault_100ms_DC2,1,210.96,232.02,21.0699999999958
S02_fault_100ms_DC2,2,266.15,278.92,12.7799999999975
S02_fault_100ms_DC2,2,47.26,56.81,9.5599999999981
S02_fault_100ms_DC2,3,264.08,287.18,23.1099999999954
S02_fault_100ms_DC2,3,178.86,198.34,19.4899999999961
S02_fault_100ms_DC2,3,30.37,60.29,29.929999999994
S02_fault_100ms_DC2,4,171.72,186.53,14.8199999999971
S02_fault_100ms_DC2,4,219.09,229.15,10.069999999998
S02_fault_100ms_DC2,4,51.63,70.28,18.6599999999963
S02_fault_100ms_DC2,4,219.46,241.23,21.7799999999957
S02_fault_100ms_DC2,5,67.09,77.04,9.95999999999802
S02_fault_100ms_DC2,5,24.21,39.92,15.7199999999969
S02_fault_100ms_DC3,1,217.73,246.2,28.4799999999943
S02_fault_100ms_DC3,1,246.64,278.2,31.5699999999937
S02_fault_100ms_DC3,2,100.26,109.25,8.99999999999821
S02_fault_100ms_DC3,2,53.95,75.39,21.4499999999957
S02_fault_100ms_DC3,3,33.91,65.83,31.9299999999936
S02_fault_100ms_DC3,3,138.62,176.32,37.7099999999925
S02_fault_100ms_DC3,3,36.41,63.25,26.8499999999947
S02_fault_100ms_DC3,3,235.59,246.41,10.8299999999978
S02_fault_100ms_DC3,4,241.86,278.97,37.1199999999926
S02_fault_100ms_DC3,4,87.14,118.95,31.8199999999937
S02_fault_100ms_DC3,4,267.38,278.63,11.2599999999978
S02_fault_100ms_DC3,5,122.55,142.65,20.109999999996
S02_fault_100ms_DC3,5,273.28,284.58,11.3099999999977
S02_fault_100ms_DC4,1,139.93,150.64,10.7199999999979
S02_fault_100ms_DC4,1,167.64,177.65,10.019999999998
S02_fault_100ms_DC4,1,101.89,133.28,31.3999999999938
S02_fault_100ms_DC4,2,162.19,199.05,36.8699999999927
S02_fault_100ms_DC4,2,274.76,286.9,12.1499999999976
S02_fault_100ms_DC4,3,242.06,269.62,27.5699999999945
S02_fault_100ms_DC4,3,105.35,123.14,17.7999999999965
S02_fault_100ms_DC4,3,210.85,246.72,35.8799999999929
S02_fault_100ms_DC4,4,216.19,255.91,39.7299999999921
S02_fault_100ms_DC4,4,20.66,49.4,28.7499999999943
S02_fault_100ms_DC4,5,126.49,146.74,20.259999999996
S02_fault_100ms_DC4,5,22.9,59.21,36.3199999999928
S02_fault_100ms_DC5,1,121.37,133.09,11.7299999999977
S02_fault_100ms_DC5,1,123.15,155.8,32.6599999999935
S02_fault_100ms_DC5,1,171.77,203.78,32.0199999999936
S02_fault_100ms_DC5,1,167.55,192.29,24.7499999999951
S02_fault_100ms_DC5,2,20.81,58.12,37.3199999999926
S02_fault_100ms_DC5,2,165.31,184.53,19.2299999999962
S02_fault_100ms_DC5,2,255.65,272.59,16.9499999999966
S02_fault_100ms_DC5,2,37,63.4,26.4099999999947
S02_fault_100ms_DC5,3,233.52,272.67,39.1599999999922
S02_fault_100ms_DC5,3,51.27,72.64,21.3799999999957
S02_fault_100ms_DC5,3,89.87,125.05,35.189999999993
S02_fault_100ms_DC5,4,99.48,139.17,39.6999999999921
S02_fault_100ms_DC5,4,248.47,285.82,37.3599999999926
S02_fault_100ms_DC5,5,254.28,266.59,12.3199999999975
S02_fault_100ms_DC5,5,64.76,101.05,36.2999999999928
S02_fault_100ms_DC5,5,260.38,277.36,16.9899999999966
S02_fault_100ms_DC6,1,116.87,153.59,36.7299999999927
S02_fault_100ms_DC6,1,56.76,82.86,26.1099999999948
S02_fault_100ms_DC6,1,55.34,85.31,29.979999999994
S02_fault_100ms_DC6,1,171.06,210.26,39.2099999999922
S02_fault_100ms_DC6,2,120.73,133.35,12.6299999999975
S02_fault_100ms_DC6,2,76.83,109.87,33.0499999999934
S02_fault_100ms_DC6,3,59.98,71.07,11.0999999999978
S02_fault_100ms_DC6,3,179.95,202,22.0599999999956
S02_fault_100ms_DC6,3,61.67,90.73,29.0699999999942
S02_fault_100ms_DC6,4,170.45,194.02,23.5799999999953
S02_fault_100ms_DC6,4,188.5,200.01,11.5199999999977
S02_fault_100ms_DC6,5,60.83,98.76,37.9399999999925
S02_fault_100ms_DC6,5,88.01,116.74,28.7399999999943
S02_fault_100ms_DC6,5,96.63,115.17,18.5499999999963
S03_fault_250ms_DC1,1,250.02,288.2,38.1899999999924
S03_fault_250ms_DC1,1,177.11,208.38,31.2799999999938
S03_fault_250ms_DC1,1,261.68,271.5,9.82999999999804
S03_fault_250ms_DC1,2,92.5,118.76,26.2699999999948
S03_fault_250ms_DC1,2,138.7,158.47,19.7799999999961
S03_fault_250ms_DC1,3,148.67,187,38.3399999999924
S03_fault_250ms_DC1,3,160.73,190.77,30.049999999994
S03_fault_250ms_DC1,3,239.65,260.92,21.2799999999958
S03_fault_250ms_DC1,4,240.27,264.42,24.1599999999952
S03_fault_250ms_DC1,4,249.22,284.08,34.8699999999931
S03_fault_250ms_DC1,4,33.22,60.4,27.1899999999946
S03_fault_250ms_DC1,5,113.39,144.16,30.7799999999939
S03_fault_250ms_DC1,5,271.29,297.18,25.8999999999948
S03_fault_250ms_DC1,5,172.67,205.87,33.2099999999934
S03_fault_250ms_DC2,1,229.41,256.19,26.7899999999947
S03_fault_250ms_DC2,1,192.61,209.42,16.8199999999967
S03_fault_250ms_DC2,1,277.82,294.34,16.5299999999967
S03_fault_250ms_DC2,1,144.24,153.39,9.15999999999818
S03_fault_250ms_DC2,2,47.52,59.64,12.1299999999976
S03_fault_250ms_DC2,2,47.49,79.87,32.3899999999936
S03_fault_250ms_DC2,3,167.57,186.8,19.2399999999962
S03_fault_250ms_DC2,3,187.49,216.3,28.8199999999943
S03_fault_250ms_DC2,3,141.31,159.72,18.4199999999963
S03_fault_250ms_DC2,3,234.31,251.93,17.6299999999965
S03_fault_250ms_DC2,4,133.25,159.12,25.8799999999949
S03_fault_250ms_DC2,4,237.12,271.81,34.6999999999931
S03_fault_250ms_DC2,4,274.45,292.1,17.6599999999965
S03_fault_250ms_DC2,4,50.13,87.98,37.8599999999925
S03_fault_250ms_DC2,5,175.91,210.57,34.6699999999931
S03_fault_250ms_DC2,5,203.28,220.54,17.2699999999966
S03_fault_250ms_DC2,5,187.92,200.72,12.8099999999975
S03_fault_250ms_DC2,5,26.45,50.1,23.6599999999953
S03_fault_250ms_DC3,1,204.19,219.66,15.4799999999969
S03_fault_250ms_DC3,1,105.99,138.33,32.3499999999936
S03_fault_250ms_DC3,2,124.09,160.24,36.1599999999928
S03_fault_250ms_DC3,2,95.76,110.32,14.5699999999971
S03_fault_250ms_DC3,3,134.53,143.83,9.30999999999815
S03_fault_250ms_DC3,3,160.32,184.86,24.5499999999951
S03_fault_250ms_DC3,4,129.85,164.44,34.5999999999931
S03_fault_250ms_DC3,4,224.06,235.52,11.4699999999977
S03_fault_250ms_DC3,4,44.76,79.99,35.239999999993
S03_fault_250ms_DC3,4,145.89,181.83,35.9499999999928
S03_fault_250ms_DC3,5,171.25,191.99,20.7499999999959
S03_fault_250ms_DC3,5,229.36,250.93,21.5799999999957
S03_fault_250ms_DC4,1,54.88,67.07,12.1999999999976
S03_fault_250ms_DC4,1,177.23,215.51,38.2899999999924
S03_fault_250ms_DC4,2,49.47,66.92,17.4599999999965
S03_fault_250ms_DC4,2,225.76,236.75,10.9999999999978
S03_fault_250ms_DC4,2,84.51,120.03,35.5299999999929
S03_fault_250ms_DC4,3,67.09,90.81,23.7299999999953
S03_fault_250ms_DC4,3,234.53,246.74,12.2199999999976
S03_fault_250ms_DC4,4,60.68,82.17,21.4999999999957
S03_fault_250ms_DC4,4,163.59,201.99,38.4099999999924
S03_fault_250ms_DC4,4,53.95,83.69,29.7499999999941
S03_fault_250ms_DC4,5,210.89,218.92,8.0399999999984
S03_fault_250ms_DC4,5,145.7,173.02,27.3299999999946
S03_fault_250ms_DC4,5,143.41,161.27,17.8699999999964
S03_fault_250ms_DC5,1,201.6,241.56,39.969999999992
S03_fault_250ms_DC5,1,91.87,110.56,18.6999999999963
S03_fault_250ms_DC5,1,50.06,62.86,12.8099999999975
S03_fault_250ms_DC5,1,121.88,156.6,34.7299999999931
S03_fault_250ms_DC5,2,99.41,115.18,15.7799999999969
S03_fault_250ms_DC5,2,76.18,110.96,34.7899999999931
S03_fault_250ms_DC5,3,82.13,105.87,23.7499999999953
S03_fault_250ms_DC5,3,131.57,164.7,33.1399999999934
S03_fault_250ms_DC5,3,148.41,160.59,12.1899999999976
S03_fault_250ms_DC5,4,35.92,56.64,20.7299999999959
S03_fault_250ms_DC5,4,52.65,89.34,36.6999999999927
S03_fault_250ms_DC5,5,109.84,143.46,33.6299999999933
S03_fault_250ms_DC5,5,210.16,230.78,20.6299999999959
S03_fault_250ms_DC6,1,248.8,277.64,28.8499999999943
S03_fault_250ms_DC6,1,206.92,239.05,32.1399999999936
S03_fault_250ms_DC6,1,228.49,246.86,18.3799999999963
S03_fault_250ms_DC6,2,100.61,126.5,25.8999999999948
S03_fault_250ms_DC6,2,94.89,116.9,22.0199999999956
S03_fault_250ms_DC6,2,42.77,65.35,22.5899999999955
S03_fault_250ms_DC6,2,249.48,273.52,24.0499999999952
S03_fault_250ms_DC6,3,47.53,74.83,27.3099999999946
S03_fault_250ms_DC6,3,86.42,115.27,28.8599999999943
S03_fault_250ms_DC6,4,240.34,254.74,14.4099999999971
S03_fault_250ms_DC6,4,113.24,127.31,14.0799999999972
S03_fault_250ms_DC6,4,42.82,70.76,27.9499999999944
S03_fault_250ms_DC6,4,152.66,172.99,20.339999999996
S03_fault_250ms_DC6,5,77.3,116.57,39.2799999999922
S03_fault_250ms_DC6,5,134.42,171.78,37.3699999999926
S04_line_trip_DC1,1,275.1,289.15,14.0599999999972
S04_line_trip_DC1,1,137.44,149.41,11.9799999999976
S04_line_trip_DC1,1,188.22,208.58,20.3699999999959
S04_line_trip_DC1,1,81.03,90.53,9.50999999999811
S04_line_trip_DC1,2,65.77,105.25,39.4899999999921
S04_line_trip_DC1,2,270.08,296.83,26.7599999999947
S04_line_trip_DC1,3,200.64,214.42,13.7899999999973
S04_line_trip_DC1,3,30.58,54.11,23.5399999999953
S04_line_trip_DC1,3,189.08,199.66,10.5899999999979
S04_line_trip_DC1,4,136.17,161.68,25.5199999999949
S04_line_trip_DC1,4,27.81,57.38,29.5799999999941
S04_line_trip_DC1,5,125.88,143.31,17.4399999999965
S04_line_trip_DC1,5,103.62,140.63,37.0199999999926
S04_line_trip_DC1,5,113.53,151.33,37.8099999999925
S04_line_trip_DC1,5,161.86,175.91,14.0599999999972
S04_line_trip_DC2,1,231.11,266.31,35.209999999993
S04_line_trip_DC2,1,197.61,235.56,37.9599999999924
S04_line_trip_DC2,1,275.41,292.97,17.5699999999965
S04_line_trip_DC2,2,171,179.16,8.16999999999837
S04_line_trip_DC2,2,28.52,58.05,29.5399999999941
S04_line_trip_DC2,3,229.24,240.11,10.8799999999978
S04_line_trip_DC2,3,185.27,202.85,17.5899999999965
S04_line_trip_DC2,3,155.63,187.36,31.7399999999937
S04_line_trip_DC2,4,151.15,174.45,23.3099999999954
S04_line_trip_DC2,4,252.62,288.12,35.5099999999929
S04_line_trip_DC2,5,150.12,185.63,35.5199999999929
S04_line_trip_DC2,5,287.82,299.4,11.5899999999977
S04_line_trip_DC2,5,100.81,123.34,22.5399999999955
S04_line_trip_DC3,1,205.51,239.6,34.0999999999932
S04_line_trip_DC3,1,80.15,96.18,16.0399999999968
S04_line_trip_DC3,1,140.89,170.17,29.2899999999942
S04_line_trip_DC3,2,130.58,145.46,14.889999999997
S04_line_trip_DC3,2,189.22,198.59,9.37999999999813
S04_line_trip_DC3,2,76.39,104.59,28.2099999999944
S04_line_trip_DC3,2,75.58,96.97,21.3999999999957
S04_line_trip_DC3,3,145.64,163.87,18.2399999999964
S04_line_trip_DC3,3,202.25,235.15,32.9099999999935
S04_line_trip_DC3,3,166.86,181.47,14.6199999999971
S04_line_trip_DC3,3,119.55,141.32,21.7799999999957
S04_line_trip_DC3,4,279.21,296.4,17.1999999999966
S04_line_trip_DC3,4,61.62,98.44,36.8299999999927
S04_line_trip_DC3,4,151.23,171.88,20.6599999999959
S04_line_trip_DC3,5,201.68,227.78,26.1099999999948
S04_line_trip_DC3,5,67.33,103.95,36.6299999999927
S04_line_trip_DC3,5,272.77,281.44,8.67999999999827
S04_line_trip_DC4,1,265.83,275.59,9.76999999999806
S04_line_trip_DC4,1,121.93,134.44,12.5199999999975
S04_line_trip_DC4,1,219.67,250.08,30.4199999999939
S04_line_trip_DC4,2,133.34,151.49,18.1599999999964
S04_line_trip_DC4,2,112.22,149.63,37.4199999999926
S04_line_trip_DC4,2,215.81,240.86,25.059999999995
S04_line_trip_DC4,2,260.99,269.77,8.78999999999825
S04_line_trip_DC4,3,112.17,138.59,26.4299999999947
S04_line_trip_DC4,3,91.68,108.67,16.9999999999966
S04_line_trip_DC4,3,196.52,222.35,25.8399999999949
S04_line_trip_DC4,3,223.39,241.06,17.6799999999965
S04_line_trip_DC4,4,147.44,171.65,24.2199999999952
S04_line_trip_DC4,4,126.64,143.73,17.0999999999966
S04_line_trip_DC4,4,232.56,260.84,28.2899999999944
S04_line_trip_DC4,5,172.81,201.85,29.0499999999942
S04_line_trip_DC4,5,195.71,210.01,14.3099999999972
S04_line_trip_DC4,5,49.78,63.68,13.9099999999972
S04_line_trip_DC4,5,220.7,236.93,16.2399999999968
S04_line_trip_DC5,1,267.04,277.11,10.079999999998
S04_line_trip_DC5,1,27.42,62.06,34.6499999999931
S04_line_trip_DC5,2,180.71,210.51,29.8099999999941
S04_line_trip_DC5,2,163.07,199.67,36.6099999999927
S04_line_trip_DC5,2,232.26,255.25,22.9999999999954
S04_line_trip_DC5,3,150.54,179.2,28.6699999999943
S04_line_trip_DC5,3,164.57,177.54,12.9799999999974
S04_line_trip_DC5,3,38.12,77.5,39.3899999999922
S04_line_trip_DC5,4,183.6,206.15,22.5599999999955
S04_line_trip_DC5,4,206.39,214.75,8.36999999999833
S04_line_trip_DC5,5,227.88,249.46,21.5899999999957
S04_line_trip_DC5,5,100.53,135.36,34.8399999999931
S04_line_trip_DC5,5,127.03,147.97,20.9499999999958
S04_line_trip_DC5,5,204.37,222.75,18.3899999999963
S04_line_trip_DC6,1,46.82,64.51,17.6999999999965
S04_line_trip_DC6,1,150.22,184.19,33.9799999999932
S04_line_trip_DC6,1,172.54,195.97,23.4399999999953
S04_line_trip_DC6,1,141.1,163.38,22.2899999999956
S04_line_trip_DC6,2,251.17,275.14,23.9799999999952
S04_line_trip_DC6,2,76.51,109.92,33.4199999999934
S04_line_trip_DC6,2,152.34,188.37,36.0399999999928
S04_line_trip_DC6,2,35.52,45.42,9.90999999999803
S04_line_trip_DC6,3,142.04,163.86,21.8299999999957
S04_line_trip_DC6,3,42.49,67.95,25.4699999999949
S04_line_trip_DC6,4,245.11,283.8,38.6999999999923
S04_line_trip_DC6,4,122.94,138.83,15.8999999999968
S04_line_trip_DC6,5,94.54,110.74,16.2099999999968
S04_line_trip_DC6,5,54.4,94.04,39.6499999999921
S04_line_trip_DC6,5,219.02,234.61,15.5999999999969
S05_load_step_DC1,1,220.57,230.88,10.3199999999979
S05_load_step_DC1,1,185.75,216.17,30.4299999999939
S05_load_step_DC1,1,161.17,188.41,27.2499999999946
S05_load_step_DC1,2,131.15,157.01,25.8699999999949
S05_load_step_DC1,2,231.17,265.03,33.8699999999933
S05_load_step_DC1,2,157.62,177.73,20.119999999996
S05_load_step_DC1,2,189.92,211.16,21.2499999999958
S05_load_step_DC1,3,108.07,135.5,27.4399999999945
S05_load_step_DC1,3,114.38,150.52,36.1499999999928
S05_load_step_DC1,4,88.96,124.36,35.409999999993
S05_load_step_DC1,4,131.33,151.07,19.7499999999961
S05_load_step_DC1,4,42.86,53.24,10.3899999999979
S05_load_step_DC1,5,76.65,91.49,14.849999999997
S05_load_step_DC1,5,82.46,105.7,23.2499999999954
S05_load_step_DC1,5,212.82,230.57,17.7599999999965
S05_load_step_DC2,1,213.89,232.8,18.9199999999962
S05_load_step_DC2,1,232.45,263.1,30.6599999999939
S05_load_step_DC2,1,111.29,131.15,19.869999999996
S05_load_step_DC2,2,84.98,112.66,27.6899999999945
S05_load_step_DC2,2,269.65,286.54,16.8999999999966
S05_load_step_DC2,2,215.55,241.48,25.9399999999948
S05_load_step_DC2,3,209.87,221.98,12.1199999999976
S05_load_step_DC2,3,53,92.38,39.3899999999922
S05_load_step_DC2,4,248.47,266.87,18.4099999999963
S05_load_step_DC2,4,152.72,170.76,18.0499999999964
S05_load_step_DC2,4,54.55,91.59,37.0499999999926
S05_load_step_DC2,4,237.13,261.7,24.5799999999951
S05_load_step_DC2,5,267.63,284.46,16.8399999999966
S05_load_step_DC2,5,89.14,103.2,14.0699999999972
S05_load_step_DC3,1,222.92,231.75,8.83999999999824
S05_load_step_DC3,1,99.16,108.37,9.21999999999817
S05_load_step_DC3,1,177.91,205.73,27.8299999999945
S05_load_step_DC3,1,86.07,118.16,32.0999999999936
S05_load_step_DC3,2,88.43,113.64,25.219999999995
S05_load_step_DC3,2,35.26,61.68,26.4299999999947
S05_load_step_DC3,2,152.54,164.25,11.7199999999977
S05_load_step_DC3,2,176.82,209.79,32.9799999999934
S05_load_step_DC3,3,222.01,253.64,31.6399999999937
S05_load_step_DC3,3,123.02,137.25,14.2399999999972
S05_load_step_DC3,3,246.18,260.13,13.9599999999972
S05_load_step_DC3,4,91.53,120.89,29.3699999999942
S05_load_step_DC3,4,66.71,79.78,13.0799999999974
S05_load_step_DC3,4,130.14,162.12,31.9899999999936
S05_load_step_DC3,4,183.04,221.4,38.3699999999924
S05_load_step_DC3,5,136.44,157.51,21.0799999999958
S05_load_step_DC3,5,80.5,104.74,24.2499999999952
S05_load_step_DC4,1,52.87,74.97,22.1099999999956
S05_load_step_DC4,1,181.91,205.96,24.0599999999952
S05_load_step_DC4,1,177.8,206.25,28.4599999999943
S05_load_step_DC4,2,171.61,208.37,36.7699999999927
S05_load_step_DC4,2,133.09,166.38,33.2999999999934
S05_load_step_DC4,2,180.84,198.81,17.9799999999964
S05_load_step_DC4,2,145.09,165.36,20.279999999996
S05_load_step_DC4,3,97.3,113.78,16.4899999999967
S05_load_step_DC4,3,46.29,76.74,30.4599999999939
S05_load_step_DC4,3,268.06,278.58,10.5299999999979
S05_load_step_DC4,4,124.06,159.16,35.109999999993
S05_load_step_DC4,4,184.07,205.58,21.5199999999957
S05_load_step_DC4,4,248.44,277.3,28.8699999999943
S05_load_step_DC4,4,160.96,197.1,36.1499999999928
S05_load_step_DC4,5,46.16,65.34,19.1899999999962
S05_load_step_DC4,5,118.43,135.52,17.0999999999966
S05_load_step_DC4,5,44.24,82.78,38.5499999999923
S05_load_step_DC5,1,241.04,249.87,8.83999999999824
S05_load_step_DC5,1,78.97,111.31,32.3499999999936
S05_load_step_DC5,1,65.2,85.95,20.7599999999959
S05_load_step_DC5,1,235.14,256.68,21.5499999999957
S05_load_step_DC5,2,241.17,258.87,17.7099999999965
S05_load_step_DC5,2,162.56,196.44,33.8899999999933
S05_load_step_DC5,2,37.18,60.29,23.1199999999954
S05_load_step_DC5,3,223.04,235.06,12.0299999999976
S05_load_step_DC5,3,263.67,286.68,23.0199999999954
S05_load_step_DC5,3,55.78,71.75,15.9799999999968
S05_load_step_DC5,3,35.96,61.93,25.9799999999948
S05_load_step_DC5,4,40.96,70.22,29.2699999999942
S05_load_step_DC5,4,201.19,212.6,11.4199999999977
S05_load_step_DC5,4,227.61,242.46,14.859999999997
S05_load_step_DC5,5,204.69,214.36,9.67999999999807
S05_load_step_DC5,5,22.51,31.39,8.88999999999823
S05_load_step_DC6,1,234.94,272.53,37.5999999999925
S05_load_step_DC6,1,91.99,126.31,34.3299999999932
S05_load_step_DC6,1,234.9,270.51,35.6199999999929
S05_load_step_DC6,1,214.88,247.16,32.2899999999936
S05_load_step_DC6,2,31.2,71.01,39.8199999999921
S05_load_step_DC6,2,179.95,194.91,14.969999999997
S05_load_step_DC6,3,183.71,203.33,19.6299999999961
S05_load_step_DC6,3,270.2,298.27,28.0799999999944
S05_load_step_DC6,4,221.51,257.83,36.3299999999928
S05_load_step_DC6,4,81.39,93.29,11.9099999999976
S05_load_step_DC6,4,82.16,101.58,19.4299999999961
S05_load_step_DC6,5,240.46,274.73,34.2799999999932
S05_load_step_DC6,5,70.71,84.16,13.4599999999973
S05_load_step_DC6,5,50.15,86.76,36.6199999999927
S06_multi_event_DC1,1,185.25,217.02,31.7799999999937
S06_multi_event_DC1,1,38.02,74.78,36.7699999999927
S06_multi_event_DC1,1,271.24,293.59,22.3599999999956
S06_multi_event_DC1,1,133.69,153.81,20.129999999996
S06_multi_event_DC1,2,270.26,283.46,13.2099999999974
S06_multi_event_DC1,2,161.36,174.51,13.1599999999974
S06_multi_event_DC1,2,210.31,231.6,21.2999999999958
S06_multi_event_DC1,2,38.7,58.83,20.139999999996
S06_multi_event_DC1,3,226.44,249.45,23.0199999999954
S06_multi_event_DC1,3,138.28,167.69,29.4199999999941
S06_multi_event_DC1,4,270.57,283.78,13.2199999999974
S06_multi_event_DC1,4,218.62,242.49,23.8799999999952
S06_multi_event_DC1,4,70.46,82.14,11.6899999999977
S06_multi_event_DC1,5,109.16,133.32,24.1699999999952
S06_multi_event_DC1,5,188.64,227.53,38.8999999999923
S06_multi_event_DC1,5,106,119.04,13.0499999999974
S06_multi_event_DC1,5,172.56,189.61,17.0599999999966
S06_multi_event_DC2,1,130.47,168.78,38.3199999999924
S06_multi_event_DC2,1,139.01,153.62,14.6199999999971
S06_multi_event_DC2,2,118.84,140.9,22.0699999999956
S06_multi_event_DC2,2,177.95,204.2,26.2599999999948
S06_multi_event_DC2,2,246,283.25,37.2599999999926
S06_multi_event_DC2,3,53.31,92.86,39.5599999999921
S06_multi_event_DC2,3,79.09,102.88,23.7999999999953
S06_multi_event_DC2,3,89.68,125.84,36.1699999999928
S06_multi_event_DC2,4,222.88,233.02,10.149999999998
S06_multi_event_DC2,4,122.15,158.12,35.9799999999928
S06_multi_event_DC2,4,115.9,143.4,27.5099999999945
S06_multi_event_DC2,4,131.52,149.33,17.8199999999965
S06_multi_event_DC2,5,269.2,295.02,25.8299999999949
S06_multi_event_DC2,5,112.5,135.85,23.3599999999954
S06_multi_event_DC2,5,70.38,82.43,12.0599999999976
S06_multi_event_DC2,5,254.41,289.38,34.979999999993
S06_multi_event_DC3,1,107.7,139.07,31.3799999999938
S06_multi_event_DC3,1,124.2,154.91,30.7199999999939
S06_multi_event_DC3,2,144.41,172.74,28.3399999999944
S06_multi_event_DC3,2,252.77,285.91,33.1499999999934
S06_multi_event_DC3,3,244.78,281.56,36.7899999999927
S06_multi_event_DC3,3,259.61,297.39,37.7899999999925
S06_multi_event_DC3,3,52.01,69.49,17.4899999999965
S06_multi_event_DC3,4,25.45,58.26,32.8199999999935
S06_multi_event_DC3,4,50.15,60.12,9.97999999999801
S06_multi_event_DC3,4,27.88,41.68,13.8099999999973
S06_multi_event_DC3,5,181.35,203.55,22.2099999999956
S06_multi_event_DC3,5,98.55,110.9,12.3599999999975
S06_multi_event_DC3,5,189.66,222.57,32.9199999999935
S06_multi_event_DC4,1,48.04,71.39,23.3599999999954
S06_multi_event_DC4,1,58.14,75.1,16.9699999999966
S06_multi_event_DC4,2,28.46,48.57,20.119999999996
S06_multi_event_DC4,2,23.56,35.32,11.7699999999977
S06_multi_event_DC4,2,271.01,292.98,21.9799999999956
S06_multi_event_DC4,2,184.07,204.68,20.6199999999959
S06_multi_event_DC4,3,246.55,259.58,13.0399999999974
S06_multi_event_DC4,3,248.77,257.08,8.31999999999834
S06_multi_event_DC4,3,85.67,114.7,29.0399999999942
S06_multi_event_DC4,4,220.76,246.37,25.6199999999949
S06_multi_event_DC4,4,112.83,152.44,39.6199999999921
S06_multi_event_DC4,5,191.79,208.65,16.8699999999966
S06_multi_event_DC4,5,232.74,263.76,31.0299999999938
S06_multi_event_DC4,5,212.79,250.58,37.7999999999925
S06_multi_event_DC4,5,76.1,87.85,11.7599999999977
S06_multi_event_DC5,1,185.96,200.34,14.3899999999971
S06_multi_event_DC5,1,60.16,97.72,37.5699999999925
S06_multi_event_DC5,2,27.31,42.69,15.3899999999969
S06_multi_event_DC5,2,236.53,275.54,39.0199999999922
S06_multi_event_DC5,2,108.26,141.61,33.3599999999934
S06_multi_event_DC5,3,63.97,103.23,39.2699999999922
S06_multi_event_DC5,3,103.44,120.82,17.3899999999965
S06_multi_event_DC5,4,25.64,37.82,12.1899999999976
S06_multi_event_DC5,4,213.96,227.36,13.4099999999973
S06_multi_event_DC5,5,181.67,217.39,35.7299999999929
S06_multi_event_DC5,5,56.74,71.83,15.099999999997
S06_multi_event_DC5,5,222.05,255.62,33.5799999999933
S06_multi_event_DC6,1,132.26,157.37,25.119999999995
S06_multi_event_DC6,1,156,195.88,39.8899999999921
S06_multi_event_DC6,1,247.17,261.23,14.0699999999972
S06_multi_event_DC6,2,108.78,124.28,15.5099999999969
S06_multi_event_DC6,2,96.37,110.15,13.7899999999973
S06_multi_event_DC6,2,114.19,125.65,11.4699999999977
S06_multi_event_DC6,3,166.21,181.94,15.7399999999969
S06_multi_event_DC6,3,54.8,94.1,39.3099999999922
S06_multi_event_DC6,4,217.35,248.64,31.2999999999938
S06_multi_event_DC6,4,253.23,289.54,36.3199999999928
S06_multi_event_DC6,4,107.67,135.97,28.3099999999944
S06_multi_event_DC6,4,67.73,85.9,18.1799999999964
S06_multi_event_DC6,5,156.73,191.66,34.939999999993
S06_multi_event_DC6,5,229,268.16,39.1699999999922
S06_multi_event_DC6,5,237.44,264.19,26.7599999999947
S07_atk_false_ups_DC1,1,257.11,291.7,34.5999999999931
S07_atk_false_ups_DC1,1,49.32,85.17,35.8599999999929
S07_atk_false_ups_DC1,1,98.5,109.97,11.4799999999977
S07_atk_false_ups_DC1,1,245.95,255.61,9.66999999999808
S07_atk_false_ups_DC1,2,179.02,198.5,19.4899999999961
S07_atk_false_ups_DC1,2,192.59,223.08,30.4999999999939
S07_atk_false_ups_DC1,2,38.23,58.89,20.6699999999959
S07_atk_false_ups_DC1,2,137.64,171.05,33.4199999999934
S07_atk_false_ups_DC1,3,271.22,285.2,13.9899999999972
S07_atk_false_ups_DC1,3,186.42,220.59,34.1799999999932
S07_atk_false_ups_DC1,3,133.14,165.18,32.0499999999936
S07_atk_false_ups_DC1,4,174.2,191.67,17.4799999999965
S07_atk_false_ups_DC1,4,124.02,135.27,11.2599999999978
S07_atk_false_ups_DC1,4,106.6,125.81,19.2199999999962
S07_atk_false_ups_DC1,4,35.59,61.54,25.9599999999948
S07_atk_false_ups_DC1,5,166.73,191.16,24.4399999999951
S07_atk_false_ups_DC1,5,248.83,258.26,9.43999999999812
S07_atk_false_ups_DC2,1,102.51,116.65,14.1499999999972
S07_atk_false_ups_DC2,1,140.27,168.55,28.2899999999944
S07_atk_false_ups_DC2,1,117.94,138.93,20.9999999999958
S07_atk_false_ups_DC2,2,192.62,200.87,8.25999999999836
S07_atk_false_ups_DC2,2,271.13,299.68,28.5599999999943
S07_atk_false_ups_DC2,2,88.57,126.8,38.2399999999924
S07_atk_false_ups_DC2,3,30.99,46.08,15.099999999997
S07_atk_false_ups_DC2,3,80.68,106.9,26.2299999999948
S07_atk_false_ups_DC2,4,106.91,138.88,31.9799999999936
S07_atk_false_ups_DC2,4,71.09,95.03,23.9499999999952
S07_atk_false_ups_DC2,4,79,99.67,20.6799999999959
S07_atk_false_ups_DC2,4,217.79,234.2,16.4199999999967
S07_atk_false_ups_DC2,5,52.51,77.38,24.8799999999951
S07_atk_false_ups_DC2,5,204.82,232.81,27.9999999999944
S07_atk_false_ups_DC3,1,139.92,167.8,27.8899999999945
S07_atk_false_ups_DC3,1,119.45,132.11,12.6699999999975
S07_atk_false_ups_DC3,1,145.47,166.85,21.3899999999957
S07_atk_false_ups_DC3,2,100.47,133.46,32.9999999999934
S07_atk_false_ups_DC3,2,133.09,162.55,29.4699999999941
S07_atk_false_ups_DC3,2,109.9,146.09,36.1999999999928
S07_atk_false_ups_DC3,2,279.64,299.22,19.5899999999961
S07_atk_false_ups_DC3,3,131.56,146.02,14.4699999999971
S07_atk_false_ups_DC3,3,50.87,82.76,31.8999999999937
S07_atk_false_ups_DC3,3,43.57,77.6,34.0399999999932
S07_atk_false_ups_DC3,4,134.85,170.43,35.5899999999929
S07_atk_false_ups_DC3,4,21.13,58.97,37.8499999999925
S07_atk_false_ups_DC3,4,123.8,143.44,19.6499999999961
S07_atk_false_ups_DC3,4,49.77,60.53,10.7699999999979
S07_atk_false_ups_DC3,5,140.98,159.54,18.5699999999963
S07_atk_false_ups_DC3,5,166.12,183.7,17.5899999999965
S07_atk_false_ups_DC4,1,193.16,206.75,13.5999999999973
S07_atk_false_ups_DC4,1,39.38,72.8,33.4299999999933
S07_atk_false_ups_DC4,1,243.78,266.66,22.8899999999954
S07_atk_false_ups_DC4,1,135.66,170.75,35.099999999993
S07_atk_false_ups_DC4,2,70.31,88.75,18.4499999999963
S07_atk_false_ups_DC4,2,131.81,169.14,37.3399999999926
S07_atk_false_ups_DC4,2,212.83,252.47,39.6499999999921
S07_atk_false_ups_DC4,3,102.41,134.83,32.4299999999935
S07_atk_false_ups_DC4,3,33.89,53.51,19.6299999999961
S07_atk_false_ups_DC4,3,81.19,102.38,21.1999999999958
S07_atk_false_ups_DC4,4,97.06,121.05,23.9999999999952
S07_atk_false_ups_DC4,4,247.39,258.3,10.9199999999978
S07_atk_false_ups_DC4,4,152.68,169.18,16.5099999999967
S07_atk_false_ups_DC4,4,186.12,209.93,23.8199999999953
S07_atk_false_ups_DC4,5,83.55,108.04,24.4999999999951
S07_atk_false_ups_DC4,5,94.43,113.91,19.4899999999961
S07_atk_false_ups_DC4,5,178.33,196.97,18.6499999999963
S07_atk_false_ups_DC5,1,20.69,55.65,34.969999999993
S07_atk_false_ups_DC5,1,87.51,127.19,39.6899999999921
S07_atk_false_ups_DC5,2,184.75,221.48,36.7399999999927
S07_atk_false_ups_DC5,2,117.23,151.45,34.2299999999932
S07_atk_false_ups_DC5,2,244.47,275.15,30.6899999999939
S07_atk_false_ups_DC5,3,100.77,123.05,22.2899999999956
S07_atk_false_ups_DC5,3,181.43,205.76,24.3399999999952
S07_atk_false_ups_DC5,3,97.99,123.57,25.5899999999949
S07_atk_false_ups_DC5,3,150.2,174.63,24.4399999999951
S07_atk_false_ups_DC5,4,196.68,213.21,16.5399999999967
S07_atk_false_ups_DC5,4,244.79,279.62,34.8399999999931
S07_atk_false_ups_DC5,5,26.78,36.4,9.62999999999808
S07_atk_false_ups_DC5,5,226.13,250.33,24.2099999999952
S07_atk_false_ups_DC5,5,249.67,280.52,30.8599999999939
S07_atk_false_ups_DC6,1,43.65,56.49,12.8499999999974
S07_atk_false_ups_DC6,1,159.17,179.18,20.019999999996
S07_atk_false_ups_DC6,1,281.63,296.03,14.4099999999971
S07_atk_false_ups_DC6,2,250.5,281.88,31.3899999999938
S07_atk_false_ups_DC6,2,175.86,214.61,38.7599999999923
S07_atk_false_ups_DC6,3,61.18,73.6,12.4299999999975
S07_atk_false_ups_DC6,3,214.41,226.64,12.2399999999976
S07_atk_false_ups_DC6,3,244.95,259.74,14.7999999999971
S07_atk_false_ups_DC6,4,266.73,287.43,20.7099999999959
S07_atk_false_ups_DC6,4,53.24,75.96,22.7299999999955
S07_atk_false_ups_DC6,4,102.91,114.09,11.1899999999978
S07_atk_false_ups_DC6,5,56.26,78.7,22.4499999999955
S07_atk_false_ups_DC6,5,111.33,124.91,13.5899999999973
S08_atk_load_alter_DC1,1,135.73,158.08,22.3599999999956
S08_atk_load_alter_DC1,1,112.82,151.8,38.9899999999922
S08_atk_load_alter_DC1,1,81.41,99.51,18.1099999999964
S08_atk_load_alter_DC1,2,146.92,158.61,11.6999999999977
S08_atk_load_alter_DC1,2,119.39,155.09,35.7099999999929
S08_atk_load_alter_DC1,3,196.84,231.64,34.8099999999931
S08_atk_load_alter_DC1,3,145.01,153.81,8.80999999999825
S08_atk_load_alter_DC1,4,81.96,110.36,28.4099999999943
S08_atk_load_alter_DC1,4,75.56,114.77,39.2199999999922
S08_atk_load_alter_DC1,5,123.81,144.33,20.5299999999959
S08_atk_load_alter_DC1,5,22.56,35.39,12.8399999999974
S08_atk_load_alter_DC2,1,234.4,263.53,29.1399999999942
S08_atk_load_alter_DC2,1,229.6,251.75,22.1599999999956
S08_atk_load_alter_DC2,1,218.26,229.8,11.5499999999977
S08_atk_load_alter_DC2,2,133.61,143.23,9.62999999999808
S08_atk_load_alter_DC2,2,260.36,294.02,33.6699999999933
S08_atk_load_alter_DC2,3,197.18,205.46,8.28999999999835
S08_atk_load_alter_DC2,3,186.33,207.23,20.9099999999958
S08_atk_load_alter_DC2,3,27.36,50.83,23.4799999999953
S08_atk_load_alter_DC2,4,271.48,286.71,15.239999999997
S08_atk_load_alter_DC2,4,89.63,121.37,31.7499999999937
S08_atk_load_alter_DC2,4,232.29,258.01,25.7299999999949
S08_atk_load_alter_DC2,4,152.29,184.39,32.1099999999936
S08_atk_load_alter_DC2,5,164.98,200.73,35.7599999999929
S08_atk_load_alter_DC2,5,231.96,252.45,20.4999999999959
S08_atk_load_alter_DC3,1,286.54,295.21,8.67999999999827
S08_atk_load_alter_DC3,1,43.93,70.8,26.8799999999947
S08_atk_load_alter_DC3,1,29.93,48.31,18.3899999999963
S08_atk_load_alter_DC3,1,69.07,93.37,24.3099999999952
S08_atk_load_alter_DC3,2,168.41,186.55,18.1499999999964
S08_atk_load_alter_DC3,2,110.74,137.18,26.4499999999947
S08_atk_load_alter_DC3,3,244.78,270.14,25.369999999995
S08_atk_load_alter_DC3,3,212.27,252.22,39.959999999992
S08_atk_load_alter_DC3,4,32.15,63.89,31.7499999999937
S08_atk_load_alter_DC3,4,226.57,234.86,8.29999999999835
S08_atk_load_alter_DC3,5,203.74,227.63,23.8999999999952
S08_atk_load_alter_DC3,5,180.94,218.64,37.7099999999925
S08_atk_load_alter_DC3,5,181.61,195.83,14.2299999999972
S08_atk_load_alter_DC3,5,180.4,196.21,15.8199999999969
S08_atk_load_alter_DC4,1,95.21,123.27,28.0699999999944
S08_atk_load_alter_DC4,1,168.8,199.77,30.9799999999938
S08_atk_load_alter_DC4,2,54.07,62.09,8.0299999999984
S08_atk_load_alter_DC4,2,177.59,199.82,22.2399999999956
S08_atk_load_alter_DC4,3,157.62,174.51,16.8999999999966
S08_atk_load_alter_DC4,3,94.23,113.14,18.9199999999962
S08_atk_load_alter_DC4,4,28.07,50.89,22.8299999999955
S08_atk_load_alter_DC4,4,141.8,174.1,32.3099999999936
S08_atk_load_alter_DC4,4,109.89,130.56,20.6799999999959
S08_atk_load_alter_DC4,5,242.25,280.33,38.0899999999924
S08_atk_load_alter_DC4,5,279.53,293.53,14.0099999999972
S08_atk_load_alter_DC4,5,220.49,246.1,25.6199999999949
S08_atk_load_alter_DC4,5,259.88,272.23,12.3599999999975
S08_atk_load_alter_DC5,1,130.06,161.91,31.8599999999937
S08_atk_load_alter_DC5,1,127.36,137.42,10.069999999998
S08_atk_load_alter_DC5,2,194.73,227.45,32.7299999999935
S08_atk_load_alter_DC5,2,143.29,154.25,10.9699999999978
S08_atk_load_alter_DC5,3,31.63,50.46,18.8399999999963
S08_atk_load_alter_DC5,3,45.46,64.83,19.3799999999961
S08_atk_load_alter_DC5,4,168.83,194.59,25.7699999999949
S08_atk_load_alter_DC5,4,90.2,107.62,17.4299999999965
S08_atk_load_alter_DC5,4,53.54,65.83,12.2999999999976
S08_atk_load_alter_DC5,4,141.45,174.26,32.8199999999935
S08_atk_load_alter_DC5,5,252,271.29,19.2999999999962
S08_atk_load_alter_DC5,5,79.03,110.6,31.5799999999937
S08_atk_load_alter_DC6,1,117.61,135.69,18.0899999999964
S08_atk_load_alter_DC6,1,103.06,118.34,15.289999999997
S08_atk_load_alter_DC6,2,248.12,256.69,8.57999999999829
S08_atk_load_alter_DC6,2,73.32,101.12,27.8099999999945
S08_atk_load_alter_DC6,2,184.93,201.45,16.5299999999967
S08_atk_load_alter_DC6,3,247.67,277.45,29.7899999999941
S08_atk_load_alter_DC6,3,209.85,245.97,36.1299999999928
S08_atk_load_alter_DC6,3,65.45,78.27,12.8299999999974
S08_atk_load_alter_DC6,4,177.54,206.79,29.2599999999942
S08_atk_load_alter_DC6,4,71.47,84.96,13.4999999999973
S08_atk_load_alter_DC6,4,73.45,106.93,33.4899999999933
S08_atk_load_alter_DC6,5,204.59,228.97,24.3899999999951
S08_atk_load_alter_DC6,5,84.17,122.25,38.0899999999924
S09_atk_sensor_spoof_DC1,1,32.86,56.15,23.2999999999954
S09_atk_sensor_spoof_DC1,1,34.48,52.15,17.6799999999965
S09_atk_sensor_spoof_DC1,1,150.39,178.4,28.0199999999944
S09_atk_sensor_spoof_DC1,2,130.95,168.75,37.8099999999925
S09_atk_sensor_spoof_DC1,2,124.66,143.25,18.5999999999963
S09_atk_sensor_spoof_DC1,2,80.5,94.53,14.0399999999972
S09_atk_sensor_spoof_DC1,2,108.82,143.16,34.3499999999932
S09_atk_sensor_spoof_DC1,3,97.91,136.35,38.4499999999924
S09_atk_sensor_spoof_DC1,3,58.23,79.25,21.0299999999958
S09_atk_sensor_spoof_DC1,3,230.78,258.21,27.4399999999945
S09_atk_sensor_spoof_DC1,4,94.54,111.95,17.4199999999965
S09_atk_sensor_spoof_DC1,4,78.74,106.43,27.6999999999945
S09_atk_sensor_spoof_DC1,5,115.66,147.51,31.8599999999937
S09_atk_sensor_spoof_DC1,5,192.05,206.9,14.859999999997
S09_atk_sensor_spoof_DC1,5,70.08,81.41,11.3399999999977
S09_atk_sensor_spoof_DC1,5,116.57,136.49,19.929999999996
S09_atk_sensor_spoof_DC2,1,203.63,242.7,39.0799999999922
S09_atk_sensor_spoof_DC2,1,34.85,61.38,26.5399999999947
S09_atk_sensor_spoof_DC2,1,210.45,245.69,35.249999999993
S09_atk_sensor_spoof_DC2,1,197.51,224.6,27.0999999999946
S09_atk_sensor_spoof_DC2,2,285.86,295.02,9.16999999999818
S09_atk_sensor_spoof_DC2,2,60.21,91.53,31.3299999999938
S09_atk_sensor_spoof_DC2,2,215.38,248.29,32.9199999999935
S09_atk_sensor_spoof_DC2,2,90.1,99.66,9.5699999999981
S09_atk_sensor_spoof_DC2,3,61.69,85.94,24.2599999999952
S09_atk_sensor_spoof_DC2,3,268.34,297.69,29.3599999999942
S09_atk_sensor_spoof_DC2,3,181.53,213.31,31.7899999999937
S09_atk_sensor_spoof_DC2,4,144.1,180.11,36.0199999999928
S09_atk_sensor_spoof_DC2,4,183.38,220.83,37.4599999999925
S09_atk_sensor_spoof_DC2,5,216.48,238.38,21.9099999999956
S09_atk_sensor_spoof_DC2,5,166.2,192.67,26.4799999999947
S09_atk_sensor_spoof_DC3,1,239.82,276.1,36.2899999999928
S09_atk_sensor_spoof_DC3,1,57,83.74,26.7499999999947
S09_atk_sensor_spoof_DC3,2,147.77,164.76,16.9999999999966
S09_atk_sensor_spoof_DC3,2,30.23,46.84,16.6199999999967
S09_atk_sensor_spoof_DC3,3,148.12,164.13,16.0199999999968
S09_atk_sensor_spoof_DC3,3,37.99,52.09,14.1099999999972
S09_atk_sensor_spoof_DC3,4,169.53,199.57,30.049999999994
S09_atk_sensor_spoof_DC3,4,175.93,189.7,13.7799999999973
S09_atk_sensor_spoof_DC3,4,104.72,144.01,39.2999999999922
S09_atk_sensor_spoof_DC3,4,268.29,297.63,29.3499999999942
S09_atk_sensor_spoof_DC3,5,148.06,176.58,28.5299999999943
S09_atk_sensor_spoof_DC3,5,277.98,293,15.029999999997
S09_atk_sensor_spoof_DC3,5,116.06,152.64,36.5899999999927
S09_atk_sensor_spoof_DC3,5,40.45,74.42,33.9799999999932
S09_atk_sensor_spoof_DC4,1,101.66,140.16,38.5099999999923
S09_atk_sensor_spoof_DC4,1,231.66,268.73,37.0799999999926
S09_atk_sensor_spoof_DC4,2,144.84,158.37,13.5399999999973
S09_atk_sensor_spoof_DC4,2,173.6,198.08,24.4899999999951
S09_atk_sensor_spoof_DC4,2,221.45,242.98,21.5399999999957
S09_atk_sensor_spoof_DC4,3,66.16,87.06,20.9099999999958
S09_atk_sensor_spoof_DC4,3,161.25,190.3,29.0599999999942
S09_atk_sensor_spoof_DC4,3,50.44,66.96,16.5299999999967
S09_atk_sensor_spoof_DC4,4,137.12,164.97,27.8599999999945
S09_atk_sensor_spoof_DC4,4,120.94,134.22,13.2899999999974
S09_atk_sensor_spoof_DC4,4,259.44,287.53,28.0999999999944
S09_atk_sensor_spoof_DC4,5,45.26,75.1,29.8499999999941
S09_atk_sensor_spoof_DC4,5,236.52,271.64,35.129999999993
S09_atk_sensor_spoof_DC4,5,159.31,195.35,36.0499999999928
S09_atk_sensor_spoof_DC4,5,169.57,198.06,28.4999999999943
S09_atk_sensor_spoof_DC5,1,125.18,161.82,36.6499999999927
S09_atk_sensor_spoof_DC5,1,105.08,132.11,27.0399999999946
S09_atk_sensor_spoof_DC5,1,259.08,283.94,24.8699999999951
S09_atk_sensor_spoof_DC5,2,78.15,108,29.8599999999941
S09_atk_sensor_spoof_DC5,2,38.74,66.89,28.1599999999944
S09_atk_sensor_spoof_DC5,3,257.84,269.72,11.8899999999976
S09_atk_sensor_spoof_DC5,3,245.08,270.56,25.4899999999949
S09_atk_sensor_spoof_DC5,3,237.51,270.31,32.8099999999935
S09_atk_sensor_spoof_DC5,4,81.8,113.99,32.1999999999936
S09_atk_sensor_spoof_DC5,4,225.18,241.15,15.9799999999968
S09_atk_sensor_spoof_DC5,4,236.33,256.36,20.039999999996
S09_atk_sensor_spoof_DC5,5,229.45,246.92,17.4799999999965
S09_atk_sensor_spoof_DC5,5,237.96,265.86,27.9099999999944
S09_atk_sensor_spoof_DC6,1,282.14,291.19,9.0599999999982
S09_atk_sensor_spoof_DC6,1,214.59,249.6,35.019999999993
S09_atk_sensor_spoof_DC6,1,173.86,207.98,34.1299999999932
S09_atk_sensor_spoof_DC6,2,51.4,79.05,27.6599999999945
S09_atk_sensor_spoof_DC6,2,150.54,189.26,38.7299999999923
S09_atk_sensor_spoof_DC6,3,124.92,148.17,23.2599999999954
S09_atk_sensor_spoof_DC6,3,103.65,126.11,22.4699999999955
S09_atk_sensor_spoof_DC6,3,118.48,149.02,30.5499999999939
S09_atk_sensor_spoof_DC6,4,25.4,39.68,14.2899999999972
S09_atk_sensor_spoof_DC6,4,118.3,150.22,31.9299999999936
S09_atk_sensor_spoof_DC6,4,61.52,94.9,33.3899999999934
S09_atk_sensor_spoof_DC6,4,50.38,66.75,16.3799999999967
S09_atk_sensor_spoof_DC6,5,217.17,249.37,32.2099999999936
S09_atk_sensor_spoof_DC6,5,266.61,279.64,13.0399999999974
S09_atk_sensor_spoof_DC6,5,262.06,298.38,36.3299999999928
S10_atk_cooling_DC1,1,168.61,201.2,32.5999999999935
S10_atk_cooling_DC1,1,53.28,81.01,27.7399999999945
S10_atk_cooling_DC1,1,23.6,36.93,13.3399999999973
S10_atk_cooling_DC1,2,98.96,127.43,28.4799999999943
S10_atk_cooling_DC1,2,150.77,177.2,26.4399999999947
S10_atk_cooling_DC1,2,49.74,83.08,33.3499999999934
S10_atk_cooling_DC1,2,244.67,270.73,26.0699999999948
S10_atk_cooling_DC1,3,101.23,131.26,30.039999999994
S10_atk_cooling_DC1,3,88.38,102.59,14.2199999999972
S10_atk_cooling_DC1,4,270.78,284.18,13.4099999999973
S10_atk_cooling_DC1,4,237.87,267.86,29.999999999994
S10_atk_cooling_DC1,5,239.97,260.99,21.0299999999958
S10_atk_cooling_DC1,5,192.71,204.75,12.0499999999976
S10_atk_cooling_DC2,1,197.6,212.15,14.5599999999971
S10_atk_cooling_DC2,1,283.55,292.66,9.11999999999819
S10_atk_cooling_DC2,2,260.29,294.8,34.5199999999931
S10_atk_cooling_DC2,2,120.82,132.97,12.1599999999976
S10_atk_cooling_DC2,2,40.05,77.21,37.1699999999926
S10_atk_cooling_DC2,3,112.38,138.83,26.4599999999947
S10_atk_cooling_DC2,3,163.52,174.5,10.9899999999978
S10_atk_cooling_DC2,4,104.57,141.13,36.5699999999927
S10_atk_cooling_DC2,4,143.71,173.17,29.4699999999941
S10_atk_cooling_DC2,4,211.7,238.86,27.1699999999946
S10_atk_cooling_DC2,5,274.84,294.45,19.6199999999961
S10_atk_cooling_DC2,5,163.75,187.07,23.3299999999954
S10_atk_cooling_DC3,1,49.41,60.13,10.7299999999979
S10_atk_cooling_DC3,1,171.12,181.38,10.269999999998
S10_atk_cooling_DC3,2,255.33,287.18,31.8599999999937
S10_atk_cooling_DC3,2,31.16,70.19,39.0399999999922
S10_atk_cooling_DC3,3,121.56,145.87,24.3199999999952
S10_atk_cooling_DC3,3,75.28,111.73,36.4599999999927
S10_atk_cooling_DC3,4,59.37,77.48,18.1199999999964
S10_atk_cooling_DC3,4,216.36,241.58,25.229999999995
S10_atk_cooling_DC3,4,54.4,88.4,34.0099999999932
S10_atk_cooling_DC3,4,167.19,187.4,20.219999999996
S10_atk_cooling_DC3,5,214.53,246.29,31.7699999999937
S10_atk_cooling_DC3,5,179.34,206.32,26.9899999999946
S10_atk_cooling_DC3,5,222.6,239.23,16.6399999999967
S10_atk_cooling_DC3,5,87.57,114.44,26.8799999999947
S10_atk_cooling_DC4,1,271.28,296.08,24.8099999999951
S10_atk_cooling_DC4,1,206.88,236.67,29.7999999999941
S10_atk_cooling_DC4,1,64.52,84.73,20.219999999996
S10_atk_cooling_DC4,2,245.1,257.36,12.2699999999976
S10_atk_cooling_DC4,2,204.11,221.44,17.3399999999966
S10_atk_cooling_DC4,2,216.03,252.72,36.6999999999927
S10_atk_cooling_DC4,2,233.25,244.25,11.0099999999978
S10_atk_cooling_DC4,3,170.47,199.16,28.6999999999943
S10_atk_cooling_DC4,3,131.72,144.77,13.0599999999974
S10_atk_cooling_DC4,3,157.46,177.54,20.089999999996
S10_atk_cooling_DC4,3,117.72,135.31,17.5999999999965
S10_atk_cooling_DC4,4,149.94,187.91,37.9799999999924
S10_atk_cooling_DC4,4,125.21,160.07,34.8699999999931
S10_atk_cooling_DC4,5,190.48,219.37,28.8999999999943
S10_atk_cooling_DC4,5,20.41,35.54,15.139999999997
S10_atk_cooling_DC4,5,162.43,185.84,23.4199999999953
S10_atk_cooling_DC5,1,190.09,208.37,18.2899999999964
S10_atk_cooling_DC5,1,173.52,209.99,36.4799999999927
S10_atk_cooling_DC5,2,192.36,203.95,11.5999999999977
S10_atk_cooling_DC5,2,290.26,298.49,8.23999999999836
S10_atk_cooling_DC5,2,105.69,119.32,13.6399999999973
S10_atk_cooling_DC5,3,172.41,207.38,34.979999999993
S10_atk_cooling_DC5,3,55.2,81.79,26.5999999999947
S10_atk_cooling_DC5,3,44.06,82.36,38.3099999999924
S10_atk_cooling_DC5,4,59.18,79.52,20.349999999996
S10_atk_cooling_DC5,4,195.99,209.02,13.0399999999974
S10_atk_cooling_DC5,4,110.23,119.78,9.5599999999981
S10_atk_cooling_DC5,5,236.1,265.8,29.7099999999941
S10_atk_cooling_DC5,5,182.18,193.49,11.3199999999977
S10_atk_cooling_DC5,5,178.39,190.8,12.4199999999975
S10_atk_cooling_DC5,5,171.48,201.25,29.7799999999941
S10_atk_cooling_DC6,1,199.41,237.71,38.3099999999924
S10_atk_cooling_DC6,1,209.83,232.45,22.6299999999955
S10_atk_cooling_DC6,1,278.25,298.9,20.6599999999959
S10_atk_cooling_DC6,2,247.49,258.08,10.5999999999979
S10_atk_cooling_DC6,2,94.43,106.94,12.5199999999975
S10_atk_cooling_DC6,2,156.37,167.55,11.1899999999978
S10_atk_cooling_DC6,2,128.18,154.86,26.6899999999947
S10_atk_cooling_DC6,3,65.43,98.98,33.5599999999933
S10_atk_cooling_DC6,3,116.68,132.03,15.3599999999969
S10_atk_cooling_DC6,3,201.75,226.69,24.949999999995
S10_atk_cooling_DC6,4,132.16,163.17,31.0199999999938
S10_atk_cooling_DC6,4,44.33,56.01,11.6899999999977
S10_atk_cooling_DC6,4,250.56,269.5,18.9499999999962
S10_atk_cooling_DC6,5,216.97,254.68,37.7199999999925
S10_atk_cooling_DC6,5,252.29,288.37,36.0899999999928
S10_atk_cooling_DC6,5,59.61,85.94,26.3399999999948
S11_fault_plus_atk_DC1,1,126.53,143.4,16.8799999999966
S11_fault_plus_atk_DC1,1,160.33,180.28,19.959999999996
S11_fault_plus_atk_DC1,1,33.41,72.69,39.2899999999922
S11_fault_plus_atk_DC1,2,166.39,186.43,20.049999999996
S11_fault_plus_atk_DC1,2,209.57,243.32,33.7599999999933
S11_fault_plus_atk_DC1,3,98.71,107.3,8.59999999999829
S11_fault_plus_atk_DC1,3,101.68,111.5,9.82999999999804
S11_fault_plus_atk_DC1,4,148.88,177.57,28.6999999999943
S11_fault_plus_atk_DC1,4,52.2,81.92,29.7299999999941
S11_fault_plus_atk_DC1,5,88.29,121.25,32.9699999999934
S11_fault_plus_atk_DC1,5,30.01,45.06,15.059999999997
S11_fault_plus_atk_DC1,5,153.21,166.57,13.3699999999973
S11_fault_plus_atk_DC1,5,189.6,197.85,8.25999999999836
S11_fault_plus_atk_DC2,1,118.96,153.34,34.3899999999932
S11_fault_plus_atk_DC2,1,37.42,70.11,32.6999999999935
S11_fault_plus_atk_DC2,1,272.97,292.42,19.4599999999961
S11_fault_plus_atk_DC2,1,216.18,250.74,34.5699999999931
S11_fault_plus_atk_DC2,2,61.46,94.14,32.6899999999935
S11_fault_plus_atk_DC2,2,78.86,93.28,14.4299999999971
S11_fault_plus_atk_DC2,3,20.63,46.08,25.4599999999949
S11_fault_plus_atk_DC2,3,132.38,160.58,28.2099999999944
S11_fault_plus_atk_DC2,4,75.15,96.09,20.9499999999958
S11_fault_plus_atk_DC2,4,230.37,242.41,12.0499999999976
S11_fault_plus_atk_DC2,4,104.21,125.96,21.7599999999957
S11_fault_plus_atk_DC2,4,95.22,112.93,17.7199999999965
S11_fault_plus_atk_DC2,5,239.63,275.71,36.0899999999928
S11_fault_plus_atk_DC2,5,212.01,231.7,19.6999999999961
S11_fault_plus_atk_DC2,5,241.6,280.07,38.4799999999923
S11_fault_plus_atk_DC3,1,209.02,233.35,24.3399999999952
S11_fault_plus_atk_DC3,1,204.61,239.11,34.5099999999931
S11_fault_plus_atk_DC3,2,276.61,294.1,17.4999999999965
S11_fault_plus_atk_DC3,2,237.04,253.11,16.0799999999968
S11_fault_plus_atk_DC3,3,20.85,60.79,39.9499999999921
S11_fault_plus_atk_DC3,3,64.9,77.38,12.4899999999975
S11_fault_plus_atk_DC3,4,272.44,298.7,26.2699999999948
S11_fault_plus_atk_DC3,4,26.78,56.69,29.919999999994
S11_fault_plus_atk_DC3,4,124.34,155.38,31.0499999999938
S11_fault_plus_atk_DC3,5,64.78,104.72,39.9499999999921
S11_fault_plus_atk_DC3,5,121.93,159.62,37.6999999999925
S11_fault_plus_atk_DC3,5,215.43,233.65,18.2299999999964
S11_fault_plus_atk_DC3,5,212.81,252.47,39.6699999999921
S11_fault_plus_atk_DC4,1,129.61,152.85,23.2499999999954
S11_fault_plus_atk_DC4,1,37.44,75.08,37.6499999999925
S11_fault_plus_atk_DC4,2,43.15,80.76,37.6199999999925
S11_fault_plus_atk_DC4,2,132.88,145.17,12.2999999999976
S11_fault_plus_atk_DC4,2,138.04,176.87,38.8399999999923
S11_fault_plus_atk_DC4,3,164.26,193.12,28.8699999999943
S11_fault_plus_atk_DC4,3,148.58,169.91,21.3399999999958
S11_fault_plus_atk_DC4,3,95.73,113.28,17.5599999999965
S11_fault_plus_atk_DC4,3,78.4,109.62,31.2299999999938
S11_fault_plus_atk_DC4,4,39.35,67.14,27.7999999999945
S11_fault_plus_atk_DC4,4,97.11,109.85,12.7499999999975
S11_fault_plus_atk_DC4,4,107.53,137.94,30.4199999999939
S11_fault_plus_atk_DC4,4,268.75,294.31,25.5699999999949
S11_fault_plus_atk_DC4,5,109.04,134.78,25.7499999999949
S11_fault_plus_atk_DC4,5,195.14,220.82,25.6899999999949
S11_fault_plus_atk_DC4,5,100.62,128.13,27.5199999999945
S11_fault_plus_atk_DC4,5,59.47,82.66,23.1999999999954
S11_fault_plus_atk_DC5,1,206.62,223.32,16.7099999999967
S11_fault_plus_atk_DC5,1,85.08,108.63,23.5599999999953
S11_fault_plus_atk_DC5,2,58.38,79.25,20.8799999999958
S11_fault_plus_atk_DC5,2,241.93,252.78,10.8599999999978
S11_fault_plus_atk_DC5,3,264.99,281.37,16.3899999999967
S11_fault_plus_atk_DC5,3,223.31,256.59,33.2899999999934
S11_fault_plus_atk_DC5,3,68.86,107.18,38.3299999999924
S11_fault_plus_atk_DC5,3,243.78,271.01,27.2399999999946
S11_fault_plus_atk_DC5,4,90.32,121.07,30.7599999999939
S11_fault_plus_atk_DC5,4,38.64,56.49,17.8599999999964
S11_fault_plus_atk_DC5,5,236.61,244.66,8.0599999999984
S11_fault_plus_atk_DC5,5,212.11,238.08,25.9799999999948
S11_fault_plus_atk_DC5,5,179.74,203.32,23.5899999999953
S11_fault_plus_atk_DC5,5,235.69,260.83,25.149999999995
S11_fault_plus_atk_DC6,1,103.61,133.37,29.7699999999941
S11_fault_plus_atk_DC6,1,252.37,288.42,36.0599999999928
S11_fault_plus_atk_DC6,1,50.88,83.27,32.3999999999936
S11_fault_plus_atk_DC6,2,103.63,113.69,10.069999999998
S11_fault_plus_atk_DC6,2,72.51,104.82,32.3199999999936
S11_fault_plus_atk_DC6,2,283.36,298.5,15.149999999997
S11_fault_plus_atk_DC6,3,208.88,235.29,26.4199999999947
S11_fault_plus_atk_DC6,3,82.79,96.75,13.9699999999972
S11_fault_plus_atk_DC6,4,141.45,163.99,22.5499999999955
S11_fault_plus_atk_DC6,4,36.51,46.35,9.84999999999804
S11_fault_plus_atk_DC6,4,220.82,239.66,18.8499999999962
S11_fault_plus_atk_DC6,5,139.31,167.11,27.8099999999945
S11_fault_plus_atk_DC6,5,208.16,232.52,24.3699999999952
S11_fault_plus_atk_DC6,5,256.66,265.36,8.70999999999827
