fold,scenario,test,auc,f1,precision,recall,fpr,pos,valid,events,detected,feat_ms_mean,window_ms_mean,window_ms_p99,misses,csec_wait_max_ms,peak_rss_MiB,stream_vs_batch,realtime
FULL,S07_atk_false_ups,ctrl,0.9999320882852292,0.9615384615384616,0.9259259259259259,1.0,0.010186757215619695,75,664,1,1,0.17033101618289948,3.6231613159179688,5.106608438491822,0,1870.0,265.22265625,4.470348358154297e-08,True
FULL,S08_atk_load_alter,ctrl,nan,0.0,0.0,0.0,0.006738544474393531,0,742,0,0,0.17034928500652313,3.6739447116851807,5.331688504219056,0,0.0,263.65625,2.159601519835519e-08,True
FULL,S09_atk_sensor_spoof,ctrl,nan,0.0,0.0,0.0,0.006738544474393531,0,742,0,0,0.15608946979045868,3.468210458755493,4.166238055229187,0,0.0,262.51953125,2.159601519835519e-08,True
FULL,S10_atk_cooling,ctrl,nan,0.0,0.0,0.0,0.006738544474393531,0,742,0,0,0.16295722126960754,3.978787422180176,5.464870696067811,0,0.0,263.6015625,2.159601519835519e-08,True
FULL,S11_fault_plus_atk,ctrl,nan,0.0,0.0,0.0,0.013477088948787063,0,742,0,0,0.15712030231952667,3.631650924682617,5.183444323539734,1,5340.0,268.35546875,1.3783574104309082e-07,True
S02_fault_100ms,S02_fault_100ms,A1,0.9979342907731654,0.9784172661870504,0.9577464788732394,1.0,0.010033444816053512,136,734,3,3,0.1551009863615036,3.3075408935546875,3.7431051015853893,0,5330.0,268.40625,1.862645149230957e-07,True
S02_fault_100ms,S02_fault_100ms,A2,0.9664293439077144,0.5185185185185185,0.875,0.3684210526315789,0.0136986301369863,152,736,2,2,0.1642836332321167,3.523275375366211,4.657037572860719,0,5330.0,268.3515625,2.3469328880310059e-07,True
S02_fault_100ms,S02_fault_100ms,A3,0.9896998700598991,0.9785714285714285,0.9716312056737588,0.9856115107913669,0.01762114537444934,278,732,4,4,0.1575372815132141,3.559701919555664,4.840911231040955,2,5330.0,268.6953125,2.3469328880310059e-07,True
S02_fault_100ms,S02_fault_100ms,A4,0.9999594275223402,0.9833333333333333,0.9672131147540983,1.0,0.010771992818671455,177,734,3,3,0.16683590412139893,3.9175705909729004,5.536541457176211,0,5330.0,268.8984375,1.2665987014770508e-07,True
S02_fault_100ms,S02_fault_100ms,A5,0.9630337160033317,0.9548693586698337,0.9617224880382775,0.9481132075471698,0.015355086372360844,212,733,4,4,0.16114993393421173,3.5381970405578613,4.387212448120118,3,5330.0,268.82421875,2.3469328880310059e-07,True
S02_fault_100ms,S02_fault_100ms,T1,0.9568602825745682,0.9504950495049505,0.9411764705882353,0.96,0.009419152276295133,100,737,2,2,0.1961381584405899,3.678699016571045,4.876612811088563,0,5330.0,268.390625,2.3469328880310059e-07,True
S02_fault_100ms,S02_fault_100ms,T2,0.9595604395604396,0.9504950495049505,0.9411764705882353,0.96,0.009419152276295133,100,737,2,2,0.1553015261888504,3.5506937503814697,4.523240089416506,0,5330.0,268.29296875,2.3469328880310059e-07,True
S02_fault_100ms,S02_fault_100ms,T3,0.8732032854209445,0.6210045662100456,0.5714285714285714,0.68,0.10472279260780287,100,587,2,2,0.1710750311613083,3.504267454147339,4.271964473724365,0,5910.0,268.44921875,2.3469328880310059e-07,True
S02_fault_100ms,S02_fault_100ms,T3a,0.7562012320328542,0.5887850467289719,0.5526315789473685,0.63,0.10472279260780287,100,587,2,2,0.16279223561286926,4.006992340087891,5.368970251083375,2,5330.0,268.48046875,3.1676275069614235e-07,True
S02_fault_100ms,S02_fault_100ms,no_attack,nan,0.0,0.0,0.0,0.01078167115902965,0,742,0,0,0.16727638244628906,3.460801362991333,4.329803223609925,1,5330.0,268.58203125,2.3469328880310059e-07,True
S03_fault_250ms,S03_fault_250ms,A1,0.9965235636558123,0.9719101123595506,0.9453551912568307,1.0,0.017793594306049824,173,735,3,3,0.15754681825637817,3.565861463546753,4.567076430320741,0,4720.0,268.85546875,5.587935447692871e-08,True
S03_fault_250ms,S03_fault_250ms,A2,0.9435832808233563,0.5529411764705883,0.8545454545454545,0.40869565217391307,0.01288244766505636,115,736,2,2,0.16395358741283417,3.972714424133301,5.400413050651551,0,4720.0,268.59375,5.587935447692871e-08,True
S03_fault_250ms,S03_fault_250ms,A3,0.97738191869776,0.9657320872274143,0.950920245398773,0.9810126582278481,0.01386481802426343,158,735,3,3,0.16122494637966156,3.6663618087768555,5.149520454406738,1,4720.0,268.58984375,5.587935447692871e-08,True
S03_fault_250ms,S03_fault_250ms,A4,0.9998579963281907,0.9779005524861878,0.9567567567567568,1.0,0.01436265709156194,177,734,3,3,0.1680566370487213,3.5221240520477295,4.577228822708131,0,6320.0,268.75,1.0058283805847168e-07,True
S03_fault_250ms,S03_fault_250ms,A5,0.9659113730626501,0.9598214285714286,0.9641255605381166,0.9555555555555556,0.015717092337917484,225,734,3,3,0.16438636183738708,3.5497045516967773,4.376197290420532,0,4720.0,268.78515625,5.587935447692871e-08,True
S03_fault_250ms,S03_fault_250ms,T1,0.9968004653868527,0.972972972972973,0.9473684210526315,1.0,0.015706806282722512,162,735,3,3,0.16278524696826935,3.832308292388916,5.316876788139345,2,4800.0,268.3984375,9.313225746154785e-08,True
S03_fault_250ms,S03_fault_250ms,T2,0.9930622885829401,0.9696969696969697,0.9523809523809523,0.9876543209876543,0.013961605584642234,162,735,3,3,0.15676026046276093,3.5744731426239014,4.382447533607487,0,4720.0,268.4765625,5.587935447692871e-08,True
S03_fault_250ms,S03_fault_250ms,T3,0.8920409771473601,0.802675585284281,0.8759124087591241,0.7407407407407407,0.04018912529550828,162,585,3,3,0.15942546725273132,3.7082388401031494,5.308688268661499,0,15310.0,268.25,5.21540641784668e-08,True
S03_fault_250ms,S03_fault_250ms,T3a,0.654320987654321,0.5387755102040817,0.7951807228915663,0.4074074074074074,0.04018912529550828,162,585,3,3,0.1746886968612671,3.861990213394165,5.330884556770325,1,4720.0,268.42578125,7.731672857502758e-08,True
S03_fault_250ms,S03_fault_250ms,no_attack,nan,0.0,0.0,0.0,0.01078167115902965,0,742,0,0,0.15870840847492218,3.761479616165161,5.375539255142212,0,4720.0,268.015625,5.587935447692871e-08,True
S04_line_trip,S04_line_trip,A1,0.9911501210653754,0.9686411149825784,0.9455782312925171,0.9928571428571429,0.013559322033898305,140,730,4,4,0.16082994639873505,3.756948232650757,5.325490779876709,1,1890.0000000000002,263.9453125,0.0,True
S04_line_trip,S04_line_trip,A2,0.9647009088987529,0.575,0.9324324324324325,0.41566265060240964,0.008771929824561403,166,736,2,2,0.15618589520454407,3.5679006576538086,4.445501041412355,0,0.0,263.828125,0.0,True
S04_line_trip,S04_line_trip,A3,0.9687873844480697,0.9626556016597511,0.9586776859504132,0.9666666666666667,0.008156606851549755,120,733,3,3,0.16083534061908722,3.8155293464660645,5.3213343667984025,1,0.0,263.88671875,3.6991302021505135e-08,True
S04_line_trip,S04_line_trip,A4,0.9999757646260482,0.9822064056939501,0.965034965034965,1.0,0.008361204013377926,138,736,2,2,0.16022343933582306,3.594855546951294,5.08109868526459,0,2120.0,263.92578125,3.6991302021505135e-08,True
S04_line_trip,S04_line_trip,A5,0.9720812750072647,0.9435215946843853,0.9659863945578231,0.922077922077922,0.008605851979345954,154,735,4,4,0.16006146371364594,3.6032042503356934,4.549968729019167,0,0.0,263.87109375,3.6991302021505135e-08,True
S04_line_trip,S04_line_trip,T1,0.9984567901234568,0.9767441860465116,0.9545454545454546,1.0,0.00980392156862745,126,738,2,2,0.1829463541507721,3.7362051010131836,5.345683665275579,0,1950.0,264.01171875,0.0,True
S04_line_trip,S04_line_trip,T2,0.995020230314348,0.9765625,0.9615384615384616,0.9920634920634921,0.008169934640522876,126,738,2,2,0.171273872256279,3.5927534103393555,4.991881046295172,0,0.0,263.98828125,0.0,True
S04_line_trip,S04_line_trip,T3,0.777689101711448,0.49710982658959535,0.9148936170212766,0.3412698412698413,0.0074487895716946,126,663,2,2,0.16035161912441254,3.7984399795532227,5.345014600753784,0,1960.0,265.2109375,1.043081283569336e-07,True
S04_line_trip,S04_line_trip,T3a,0.6213088587390263,0.35443037974683544,0.875,0.2222222222222222,0.0074487895716946,126,663,2,2,0.15868894755840302,3.576760768890381,4.4556850862503055,0,890.0,268.5,1.043081283569336e-07,True
S04_line_trip,S04_line_trip,no_attack,nan,0.0,0.0,0.0,0.006738544474393531,0,742,0,0,0.18084006011486053,3.6628425121307373,5.160028548240663,0,0.0,263.83203125,3.6991302021505135e-08,True
S05_load_step,S05_load_step,A1,0.9981123171307221,0.9788519637462235,0.9642857142857143,0.9938650306748467,0.01048951048951049,163,735,3,3,0.1625269651412964,3.742706060409546,5.40610502243042,0,1950.0,264.03515625,3.3527612686157227e-08,True
S05_load_step,S05_load_step,A2,0.9625078245972393,0.5962059620596206,0.9565217391304348,0.4330708661417323,0.010460251046025104,254,732,4,4,0.16280819475650787,3.7700681686401367,5.413293604850771,0,1660.0000000000002,264.01171875,3.3527612686157227e-08,True
S05_load_step,S05_load_step,A3,0.9869088846429425,0.9722222222222222,0.9545454545454546,0.9905660377358491,0.007911392405063292,106,738,2,2,0.15625229477882385,3.469257354736328,4.604234619140626,0,0.0,263.8515625,0.0,True
S05_load_step,S05_load_step,A4,0.9999360920274805,0.9850746268656716,0.9705882352941176,1.0,0.008787346221441126,165,734,3,3,0.16481925547122955,3.8441238403320312,5.3747612237930324,0,2180.0,264.0234375,1.1175870895385742e-07,True
S05_load_step,S05_load_step,A5,0.9748074991630399,0.9702127659574468,0.957983193277311,0.9827586206896551,0.008090614886731391,116,734,3,3,0.15699610114097595,3.641615390777588,5.216727252006531,0,1660.0000000000002,263.8828125,3.3527612686157227e-08,True
S05_load_step,S05_load_step,T1,0.9836404914529915,0.9449838187702265,0.954248366013072,0.9358974358974359,0.012152777777777778,156,732,3,3,0.15550944209098816,3.5370256900787354,4.511608238220216,0,2970.0,263.94921875,4.0978193283081055e-08,True
S05_load_step,S05_load_step,T2,0.9932002314814814,0.9712460063897763,0.9681528662420382,0.9743589743589743,0.008680555555555556,156,732,3,3,0.15614205598831177,3.546177387237549,4.9242491436004645,0,1660.0000000000002,264.18359375,3.3527612686157227e-08,True
S05_load_step,S05_load_step,T3,0.9091729866377753,0.8648648648648649,0.9142857142857143,0.8205128205128205,0.028169014084507043,156,582,3,3,0.1615058034658432,3.528437376022339,4.180136251449586,1,39710.0,265.2265625,1.043081283569336e-07,True
S05_load_step,S05_load_step,T3a,0.6218701095461658,0.2857142857142857,0.7,0.1794871794871795,0.028169014084507043,156,582,3,2,0.16211608052253723,3.895864725112915,5.329062905311584,1,1960.0,268.78125,1.4992443286843127e-07,True
S05_load_step,S05_load_step,no_attack,nan,0.0,0.0,0.0,0.006738544474393531,0,742,0,0,0.16338613629341125,4.021115779876709,5.559862909317017,0,1660.0000000000002,263.90625,3.3527612686157227e-08,True
S06_multi_event,S06_multi_event,A1,0.9975000798696527,0.9719298245614035,0.9453924914675768,1.0,0.035398230088495575,277,729,4,4,0.1743774116039276,3.458482265472412,4.3040392112731976,0,5330.0,268.70703125,2.2351741790771484e-07,True
S06_multi_event,S06_multi_event,A2,0.9389336410115272,0.7272727272727273,0.8888888888888888,0.6153846153846154,0.023255813953488372,169,728,4,4,0.15671981871128082,3.3993749618530273,4.085543732643128,0,5330.0,268.7265625,2.3469328880310059e-07,True
S06_multi_event,S06_multi_event,A3,0.9759112279460088,0.9411764705882353,0.9078014184397163,0.9770992366412213,0.02152317880794702,131,735,2,2,0.15947149693965912,3.6084070205688477,4.565332551002503,2,5330.0,268.72265625,2.3469328880310059e-07,True
S06_multi_event,S06_multi_event,A4,0.9999596882558452,0.9606299212598425,0.9242424242424242,1.0,0.01639344262295082,122,732,3,3,0.15642251074314117,3.529386281967163,4.690544018745425,0,5330.0,268.7421875,2.3469328880310059e-07,True
S06_multi_event,S06_multi_event,A5,0.9740062282469316,0.9620853080568721,0.9398148148148148,0.9854368932038835,0.024528301886792454,206,736,4,4,0.1597297638654709,3.7626450061798096,5.4412005996704105,0,5330.0,268.84375,2.3469328880310059e-07,True
S06_multi_event,S06_multi_event,T1,0.9948373237240566,0.9483870967741935,0.901840490797546,1.0,0.027164685908319185,147,736,3,3,0.15655584633350372,3.704576253890991,5.223564286231995,0,5330.0,268.19140625,2.3469328880310059e-07,True
S06_multi_event,S06_multi_event,T2,0.9784137763764249,0.9477124183006536,0.9119496855345912,0.9863945578231292,0.023769100169779286,147,736,3,3,0.16817638278007507,3.5536081790924072,4.349236030578614,0,5330.0,268.54296875,2.3469328880310059e-07,True
S06_multi_event,S06_multi_event,T3,0.6376306620209059,0.41350210970464135,0.5444444444444444,0.3333333333333333,0.08333333333333333,147,639,3,3,0.16091005504131317,3.498852252960205,4.104171905517578,0,9320.0,268.16796875,2.1979212760925293e-07,True
S06_multi_event,S06_multi_event,T3a,0.5183203362645872,0.3436123348017621,0.4875,0.2653061224489796,0.08333333333333333,147,639,3,3,0.15623950958251953,3.378394842147827,4.023907690048218,0,5330.0,268.52734375,1.8998980522155762e-07,True
S06_multi_event,S06_multi_event,no_attack,nan,0.0,0.0,0.0,0.01752021563342318,0,742,0,0,0.1556728482246399,3.56319260597229,4.178360643386841,0,5330.0,268.21875,2.3469328880310059e-07,True
