t_s,phase,proc_cpu_pct,proc_rss_MiB,sys_cpu_pct,sys_mem_used_MiB,ram_used_MiB,gpu_load_pct,vdd_in_mW,vdd_cpu_gpu_cv_mW,vdd_soc_mW,cpu_temp_C,tj_temp_C
0.505,warmup,4.0,180.67578125,2.3,1835.1796875,,,,,,,
1.008,warmup,0.0,180.6875,1.0,1835.17578125,1959.0,9.0,3818.0,682.0,1123.0,45.0,45.187
1.509,warmup,0.0,180.69140625,0.7,1835.17578125,1959.0,0.0,3617.0,522.0,1125.0,45.062,45.343
2.011,warmup,0.0,180.6953125,1.3,1835.17578125,1959.0,0.0,3577.0,482.0,1125.0,44.875,45.375
2.512,stream,4.0,180.69921875,0.7,1835.17578125,1959.0,0.0,3536.0,482.0,1125.0,44.875,45.281
3.013,stream,2.0,180.7109375,0.7,1835.421875,1959.0,0.0,3617.0,482.0,1085.0,44.875,45.5
3.515,stream,2.0,180.7890625,0.7,1835.421875,1959.0,0.0,3577.0,482.0,1125.0,45.093,45.406
4.016,stream,2.0,180.796875,0.0,1835.421875,1959.0,0.0,3577.0,522.0,1125.0,45.156,45.406
4.517,stream,4.0,180.80078125,1.0,1835.4140625,1959.0,0.0,3577.0,482.0,1125.0,44.937,45.531
5.019,stream,2.0,180.80859375,0.0,1835.4140625,1959.0,0.0,3577.0,482.0,1085.0,44.812,45.375
5.520,stream,4.0,180.8125,0.7,1835.4140625,1959.0,0.0,3577.0,482.0,1125.0,44.937,45.437
6.022,stream,2.0,180.82421875,1.0,1835.4140625,1959.0,0.0,3577.0,482.0,1085.0,44.75,45.312
6.523,stream,2.0,180.83203125,1.3,1835.4140625,1959.0,0.0,3577.0,482.0,1085.0,45.031,45.187
7.025,stream,6.0,180.83984375,0.0,1835.4140625,1959.0,0.0,3577.0,482.0,1125.0,45.187,45.5
7.526,stream,2.0,180.84765625,1.0,1835.4140625,1959.0,0.0,3536.0,482.0,1125.0,44.843,45.437
8.028,stream,2.0,180.859375,0.7,1835.4140625,1959.0,0.0,3577.0,482.0,1125.0,44.781,45.343
8.529,stream,4.0,180.8671875,0.7,1835.4140625,1959.0,0.0,3577.0,482.0,1125.0,44.875,45.218
9.031,stream,2.0,180.87109375,0.7,1835.4140625,1959.0,0.0,3536.0,482.0,1085.0,45.125,45.281
9.532,stream,2.0,180.87890625,0.7,1827.3515625,1959.0,0.0,3536.0,482.0,1085.0,45.031,45.187
10.034,stream,2.0,180.8828125,0.0,1827.3515625,1951.0,0.0,3617.0,482.0,1125.0,44.875,45.218
10.535,stream,2.0,180.890625,1.0,1827.34375,1951.0,0.0,3577.0,482.0,1085.0,44.75,45.468
11.037,stream,6.0,180.8984375,0.0,1825.16015625,1951.0,0.0,3577.0,482.0,1125.0,44.812,45.25
11.538,stream,2.0,180.90625,1.0,1825.16015625,1949.0,0.0,3577.0,482.0,1085.0,44.75,45.218
12.040,stream,2.0,180.9140625,0.0,1823.109375,1949.0,0.0,3536.0,482.0,1085.0,45.062,45.25
12.541,stream,2.0,180.921875,0.7,1823.109375,1947.0,0.0,3536.0,482.0,1085.0,44.937,45.437
13.043,stream,4.0,180.9296875,0.7,1821.125,1947.0,0.0,3577.0,482.0,1125.0,44.875,45.312
13.544,stream,2.0,180.9375,0.7,1821.125,1945.0,0.0,3577.0,482.0,1125.0,44.687,45.156
14.046,stream,2.0,180.9375,0.7,1819.55859375,1945.0,0.0,3577.0,482.0,1125.0,44.843,45.281
14.547,stream,4.0,180.9453125,0.3,1819.55859375,1943.0,0.0,3536.0,482.0,1085.0,45.0,45.156
15.048,stream,4.0,180.953125,1.0,1818.09375,1943.0,0.0,3617.0,482.0,1125.0,44.812,45.218
15.549,stream,2.0,180.9609375,0.0,1818.08984375,1942.0,0.0,3617.0,482.0,1085.0,44.968,45.406
16.051,stream,2.0,180.96875,0.7,1817.05859375,1942.0,0.0,3577.0,482.0,1125.0,44.718,45.281
16.552,stream,2.0,180.9765625,0.0,1817.05859375,1941.0,0.0,3577.0,482.0,1125.0,45.062,45.25
17.053,stream,4.0,180.984375,0.0,1813.875,1941.0,0.0,3577.0,482.0,1125.0,44.812,45.312
17.555,stream,2.0,180.98828125,1.3,1813.875,1938.0,0.0,3577.0,482.0,1085.0,44.875,45.312
18.056,stream,2.0,180.99609375,0.3,1813.875,1938.0,0.0,3577.0,482.0,1125.0,44.843,45.25
18.557,stream,4.0,181.0,0.0,1814.3671875,1938.0,0.0,3577.0,482.0,1125.0,44.781,45.218
19.059,stream,4.0,181.01953125,0.7,1814.3671875,1938.0,0.0,3577.0,482.0,1085.0,44.687,45.281
19.560,stream,2.0,181.03125,0.3,1814.3671875,1938.0,0.0,3536.0,482.0,1085.0,44.875,45.25
20.062,stream,2.0,181.03515625,0.3,1814.3671875,1938.0,0.0,3536.0,482.0,1085.0,44.968,45.156
20.563,stream,4.0,181.04296875,0.0,1814.3671875,1938.0,0.0,3536.0,482.0,1085.0,44.843,45.156
21.064,stream,2.0,181.046875,0.7,1814.359375,1938.0,0.0,3577.0,482.0,1085.0,44.781,45.218
21.566,stream,2.0,181.0546875,1.0,1814.359375,1938.0,0.0,3577.0,482.0,1085.0,44.718,45.218
22.067,stream,4.0,181.05859375,0.3,1814.359375,1938.0,0.0,3577.0,482.0,1125.0,45.0,45.25
22.568,stream,2.0,181.0625,0.0,1814.35546875,1938.0,0.0,3536.0,482.0,1085.0,44.812,45.25
23.070,stream,2.0,181.06640625,0.7,1814.35546875,1938.0,0.0,3536.0,482.0,1085.0,44.812,45.156
23.571,stream,4.0,181.06640625,0.3,1814.35546875,1938.0,0.0,3536.0,482.0,1085.0,44.718,45.406
24.072,stream,2.0,181.06640625,0.7,1814.35546875,1938.0,0.0,3536.0,482.0,1125.0,44.656,45.25
24.574,stream,4.0,181.06640625,0.3,1814.35546875,1938.0,0.0,3536.0,482.0,1085.0,44.812,45.156
25.075,stream,2.0,181.07421875,0.3,1814.35546875,1938.0,0.0,3536.0,482.0,1125.0,44.937,45.156
25.576,stream,2.0,181.07421875,0.3,1814.35546875,1938.0,0.0,3536.0,482.0,1125.0,44.718,45.343
26.078,stream,4.0,181.07421875,0.3,1814.35546875,1938.0,0.0,3536.0,482.0,1125.0,44.75,45.25
26.579,stream,2.0,181.078125,0.0,1814.35546875,1938.0,0.0,3577.0,482.0,1085.0,44.625,45.218
27.080,stream,4.0,181.078125,1.0,1814.33984375,1938.0,0.0,3577.0,482.0,1125.0,44.875,45.187
27.582,stream,2.0,181.078125,0.0,1814.33984375,1938.0,0.0,3536.0,482.0,1085.0,44.968,45.218
28.084,stream,2.0,181.078125,0.3,1814.33984375,1938.0,0.0,3536.0,482.0,1085.0,44.75,45.25
28.585,stream,4.0,181.078125,0.3,1814.33984375,1938.0,0.0,3577.0,482.0,1125.0,44.625,45.375
29.086,stream,4.0,181.078125,0.7,1814.33984375,1938.0,0.0,3577.0,482.0,1125.0,44.687,45.281
29.588,stream,2.0,181.078125,0.3,1810.33984375,1934.0,0.0,3577.0,482.0,1085.0,44.562,45.125
30.089,stream,2.0,181.078125,0.3,1810.33984375,1934.0,0.0,3577.0,482.0,1125.0,44.812,45.156
30.590,stream,2.0,181.078125,0.0,1810.33984375,1934.0,0.0,3577.0,482.0,1125.0,44.937,45.281
31.092,stream,4.0,181.08203125,0.7,1810.33984375,1934.0,0.0,3536.0,482.0,1125.0,44.656,45.281
31.593,stream,2.0,181.0859375,0.7,1810.33984375,1934.0,0.0,3577.0,482.0,1085.0,44.562,45.25
32.094,stream,4.0,181.0859375,0.3,1810.33203125,1934.0,0.0,3617.0,482.0,1085.0,44.875,45.187
32.595,stream,2.0,181.0859375,1.0,1810.33203125,1934.0,0.0,3577.0,482.0,1125.0,44.812,44.875
33.097,stream,4.0,181.0859375,0.3,1810.33203125,1934.0,0.0,3577.0,482.0,1125.0,44.656,45.312
33.598,stream,2.0,181.0859375,0.0,1810.33203125,1934.0,0.0,3536.0,482.0,1085.0,44.75,45.187
34.099,stream,2.0,181.0859375,1.3,1810.33203125,1934.0,0.0,3536.0,482.0,1125.0,44.625,45.125
34.600,stream,2.0,181.0859375,0.0,1810.33203125,1934.0,0.0,3536.0,482.0,1125.0,44.875,45.156
35.102,stream,4.0,181.08984375,0.3,1810.33203125,1934.0,0.0,3577.0,482.0,1125.0,44.656,45.156
35.603,stream,4.0,181.08984375,0.3,1810.33203125,1934.0,0.0,3577.0,482.0,1125.0,44.718,45.156
36.104,stream,2.0,181.08984375,1.0,1810.33203125,1934.0,0.0,3536.0,482.0,1085.0,44.718,45.125
36.605,stream,2.0,181.09375,0.0,1810.33203125,1934.0,0.0,3536.0,482.0,1125.0,44.656,45.156
37.106,stream,2.0,181.09375,0.3,1810.33203125,1934.0,0.0,3617.0,482.0,1125.0,44.656,45.218
37.608,stream,4.0,181.09765625,1.3,1810.33203125,1934.0,0.0,3617.0,482.0,1125.0,44.812,45.187
38.109,stream,4.0,181.1015625,0.0,1810.32421875,1934.0,0.0,3577.0,482.0,1085.0,44.937,45.062
38.610,stream,2.0,181.1015625,1.0,1810.32421875,1934.0,0.0,3536.0,482.0,1125.0,44.656,45.375
39.113,stream,2.0,181.109375,0.0,1810.32421875,1934.0,0.0,3536.0,482.0,1125.0,44.562,45.187
39.614,stream,2.0,181.109375,0.3,1810.31640625,1934.0,0.0,3536.0,482.0,1085.0,44.718,45.093
40.116,stream,6.0,181.109375,0.7,1810.31640625,1934.0,0.0,3577.0,482.0,1085.0,44.718,45.125
40.617,stream,2.0,181.109375,0.3,1810.31640625,1934.0,0.0,3577.0,482.0,1085.0,44.656,45.125
41.118,stream,2.0,181.109375,1.0,1810.31640625,1934.0,0.0,3577.0,482.0,1125.0,44.687,45.375
41.620,stream,4.0,181.109375,0.0,1810.31640625,1934.0,0.0,3577.0,482.0,1085.0,44.656,45.156
42.121,stream,2.0,181.11328125,0.0,1810.31640625,1934.0,0.0,3536.0,482.0,1085.0,44.781,45.156
42.623,stream,4.0,181.11328125,1.0,1810.31640625,1934.0,0.0,3536.0,482.0,1085.0,44.593,44.968
43.124,stream,2.0,181.1171875,0.3,1810.30859375,1934.0,0.0,3577.0,482.0,1085.0,44.687,45.125
43.626,stream,2.0,181.1171875,0.7,1810.30859375,1934.0,0.0,3577.0,482.0,1125.0,44.75,45.0
44.127,stream,4.0,181.12109375,0.7,1810.30859375,1934.0,0.0,3536.0,482.0,1085.0,44.843,45.125
44.628,stream,2.0,181.125,0.3,1810.3046875,1934.0,0.0,3536.0,482.0,1085.0,44.656,45.25
45.129,stream,2.0,181.125,0.3,1810.3046875,1934.0,0.0,3577.0,482.0,1125.0,44.562,45.218
45.631,stream,2.0,181.125,1.0,1810.3046875,1934.0,0.0,3536.0,482.0,1085.0,44.812,45.125
46.132,stream,6.0,181.125,0.0,1810.3046875,1934.0,0.0,3536.0,482.0,1125.0,44.625,45.031
46.633,stream,2.0,181.125,0.7,1810.3046875,1934.0,0.0,3536.0,482.0,1125.0,44.781,44.843
47.135,stream,2.0,181.12890625,0.0,1810.3046875,1934.0,0.0,3577.0,482.0,1125.0,44.656,45.156
47.636,stream,4.0,181.12890625,0.0,1810.3046875,1934.0,0.0,3536.0,482.0,1085.0,44.531,45.187
48.138,stream,2.0,181.12890625,0.7,1810.3046875,1934.0,0.0,3577.0,482.0,1085.0,44.531,45.031
48.639,stream,2.0,181.12890625,1.0,1810.3046875,1934.0,0.0,3577.0,482.0,1125.0,44.531,45.125
49.140,stream,6.0,181.12890625,0.0,1810.296875,1934.0,0.0,3577.0,482.0,1125.0,44.75,45.031
49.642,stream,0.0,181.12890625,0.7,1810.296875,1934.0,0.0,3577.0,482.0,1085.0,44.812,45.031
50.143,stream,4.0,181.12890625,0.3,1810.296875,1934.0,0.0,3536.0,482.0,1085.0,44.562,45.0
50.644,stream,2.0,181.13671875,1.0,1810.296875,1934.0,0.0,3536.0,482.0,1125.0,44.593,45.156
51.145,stream,4.0,181.140625,0.0,1810.296875,1934.0,0.0,3536.0,482.0,1085.0,44.562,45.062
51.647,stream,2.0,181.140625,0.3,1810.296875,1934.0,0.0,3577.0,482.0,1085.0,44.468,44.937
52.148,stream,2.0,181.14453125,0.7,1810.296875,1934.0,0.0,3577.0,482.0,1125.0,44.656,45.093
52.649,stream,4.0,181.14453125,0.7,1810.296875,1934.0,0.0,3577.0,482.0,1085.0,44.75,45.031
53.150,stream,2.0,181.14453125,0.3,1810.2890625,1934.0,0.0,3577.0,482.0,1125.0,44.5,44.937
53.652,stream,2.0,181.14453125,0.7,1810.2890625,1934.0,0.0,3577.0,482.0,1125.0,44.531,45.093
54.153,stream,2.0,181.14453125,0.7,1810.28125,1934.0,0.0,3577.0,482.0,1125.0,44.5,44.968
54.654,stream,6.0,181.14453125,0.7,1810.28125,1934.0,0.0,3577.0,482.0,1125.0,44.5,44.968
55.155,stream,0.0,181.1484375,0.3,1810.28125,1934.0,0.0,3577.0,482.0,1125.0,44.656,44.968
55.656,stream,4.0,181.1484375,0.7,1810.28125,1934.0,0.0,3577.0,482.0,1085.0,44.562,45.062
56.158,stream,4.0,181.1484375,0.3,1810.28125,1934.0,0.0,3577.0,482.0,1125.0,44.656,45.156
56.659,stream,2.0,181.1484375,0.7,1810.28125,1934.0,0.0,3577.0,482.0,1125.0,44.562,45.125
57.160,stream,2.0,181.1484375,0.3,1810.28125,1934.0,0.0,3577.0,482.0,1085.0,44.593,45.062
57.662,stream,4.0,181.1484375,0.3,1810.28125,1934.0,0.0,3536.0,482.0,1085.0,44.5,45.0
58.163,stream,2.0,181.1484375,0.0,1810.28125,1934.0,0.0,3577.0,482.0,1125.0,44.656,45.0
58.664,stream,2.0,181.15234375,0.7,1810.28125,1934.0,0.0,3577.0,482.0,1085.0,44.656,45.062
59.165,stream,2.0,181.15234375,0.7,1810.28125,1934.0,0.0,3577.0,482.0,1085.0,44.531,45.187
59.667,stream,6.0,181.15234375,2.3,1810.28125,1934.0,0.0,3617.0,522.0,1125.0,44.5,45.125
60.168,stream,2.0,181.16015625,0.3,1810.2734375,1934.0,0.0,3577.0,482.0,1125.0,44.437,45.062
60.669,stream,2.0,181.16015625,0.3,1810.2734375,1934.0,0.0,3577.0,482.0,1125.0,44.843,44.937
61.171,stream,4.0,181.16015625,1.0,1810.2734375,1934.0,0.0,3577.0,482.0,1125.0,44.656,44.968
61.672,stream,2.0,181.16015625,0.3,1810.2734375,1934.0,0.0,3536.0,482.0,1125.0,44.687,45.093
62.173,stream,2.0,181.16015625,0.3,1810.2734375,1934.0,0.0,3577.0,482.0,1125.0,44.437,45.031
62.675,stream,2.0,181.16015625,0.7,1810.2734375,1934.0,0.0,3577.0,482.0,1085.0,44.5,45.062
63.176,stream,4.0,181.16015625,0.3,1810.2734375,1934.0,0.0,3577.0,482.0,1085.0,44.437,44.968
63.678,stream,4.0,181.16015625,1.0,1810.2734375,1934.0,0.0,3536.0,482.0,1085.0,44.562,45.031
64.179,stream,2.0,181.16015625,0.3,1810.2734375,1934.0,0.0,3536.0,482.0,1125.0,44.656,44.812
64.681,stream,2.0,181.16015625,0.0,1810.2734375,1934.0,0.0,3536.0,482.0,1085.0,44.687,44.968
65.183,stream,4.0,181.1640625,1.0,1810.2734375,1934.0,0.0,3577.0,482.0,1085.0,44.687,44.906
65.684,stream,4.0,181.1640625,0.3,1810.265625,1934.0,0.0,3577.0,482.0,1085.0,44.531,44.968
66.185,stream,2.0,181.16796875,0.7,1810.2578125,1934.0,0.0,3577.0,482.0,1125.0,44.468,45.031
66.687,stream,2.0,181.16796875,0.3,1810.2578125,1934.0,0.0,3536.0,482.0,1085.0,44.562,45.0
67.188,stream,4.0,181.16796875,0.3,1810.2578125,1934.0,0.0,3536.0,482.0,1085.0,44.656,45.031
67.690,stream,2.0,181.16796875,0.7,1810.25390625,1934.0,0.0,3536.0,482.0,1085.0,44.656,44.906
68.191,stream,4.0,181.171875,0.3,1810.25390625,1934.0,0.0,3536.0,482.0,1085.0,44.656,44.875
68.693,stream,2.0,181.17578125,0.7,1810.25390625,1934.0,0.0,3536.0,482.0,1125.0,44.625,45.125
69.194,stream,4.0,181.17578125,0.7,1810.25390625,1934.0,0.0,3536.0,482.0,1085.0,44.406,45.031
69.696,stream,2.0,181.1796875,0.0,1810.25390625,1934.0,0.0,3536.0,482.0,1085.0,44.656,44.968
70.197,stream,2.0,181.1796875,0.3,1810.25390625,1934.0,0.0,3577.0,482.0,1125.0,44.75,44.937
70.698,stream,4.0,181.1796875,0.3,1810.25390625,1934.0,0.0,3617.0,482.0,1085.0,44.593,44.875
71.200,stream,2.0,181.18359375,1.0,1810.24609375,1934.0,0.0,3577.0,482.0,1125.0,44.656,45.125
71.701,stream,2.0,181.18359375,0.0,1810.24609375,1934.0,0.0,3577.0,482.0,1085.0,44.5,44.968
72.203,stream,4.0,181.18359375,0.3,1810.24609375,1934.0,0.0,3536.0,482.0,1085.0,44.406,44.968
72.705,stream,2.0,181.18359375,0.3,1810.24609375,1934.0,0.0,3536.0,482.0,1085.0,44.625,45.0
73.206,stream,4.0,181.18359375,1.0,1810.24609375,1934.0,0.0,3536.0,482.0,1125.0,44.656,44.968
73.707,stream,4.0,181.18359375,0.0,1810.24609375,1934.0,0.0,3536.0,482.0,1085.0,44.718,44.812
74.208,stream,2.0,181.18359375,0.7,1810.24609375,1934.0,0.0,3536.0,482.0,1125.0,44.531,44.968
74.710,stream,2.0,181.18359375,0.0,1810.24609375,1934.0,0.0,3536.0,482.0,1125.0,44.343,44.906
75.211,stream,4.0,181.19140625,0.7,1810.24609375,1934.0,0.0,3536.0,482.0,1125.0,44.656,44.781
75.713,stream,2.0,181.19140625,0.7,1810.24609375,1934.0,0.0,3536.0,482.0,1085.0,44.656,44.875
76.214,stream,2.0,181.1953125,0.3,1810.23828125,1934.0,0.0,3617.0,482.0,1085.0,44.562,44.906
76.715,stream,4.0,181.19921875,0.0,1810.23828125,1934.0,0.0,3577.0,482.0,1085.0,44.562,44.875
77.217,stream,4.0,181.19921875,0.7,1810.23828125,1934.0,0.0,3577.0,482.0,1125.0,44.437,45.031
77.718,stream,2.0,181.19921875,0.3,1810.23828125,1934.0,0.0,3536.0,482.0,1085.0,44.343,44.968
78.219,stream,2.0,181.19921875,1.0,1810.23046875,1934.0,0.0,3536.0,482.0,1085.0,44.625,44.75
78.720,stream,4.0,181.19921875,0.0,1810.23046875,1934.0,0.0,3536.0,482.0,1085.0,44.531,44.75
79.222,stream,2.0,181.203125,0.0,1810.23046875,1934.0,0.0,3536.0,482.0,1085.0,44.468,44.781
79.723,stream,2.0,181.203125,0.7,1810.23046875,1934.0,0.0,3536.0,482.0,1125.0,44.437,44.937
80.224,stream,2.0,181.203125,0.3,1810.23046875,1934.0,0.0,3536.0,482.0,1085.0,44.406,44.906
80.726,stream,6.0,181.20703125,1.7,1810.4765625,1934.0,0.0,3577.0,482.0,1085.0,44.781,45.0
81.227,stream,0.0,181.20703125,0.3,1810.4765625,1934.0,0.0,3577.0,482.0,1085.0,44.75,44.906
81.728,stream,2.0,181.20703125,0.3,1810.4765625,1934.0,0.0,3617.0,482.0,1085.0,44.468,45.062
82.230,stream,6.0,181.20703125,0.3,1810.46875,1934.0,0.0,3577.0,482.0,1085.0,44.375,45.093
82.731,stream,2.0,181.2109375,0.7,1810.46875,1934.0,0.0,3536.0,482.0,1085.0,44.687,44.937
83.233,stream,2.0,181.21484375,0.7,1810.46875,1934.0,0.0,3536.0,482.0,1085.0,44.343,44.906
83.734,stream,4.0,181.21484375,0.0,1810.46875,1934.0,0.0,3536.0,482.0,1085.0,44.562,44.937
84.235,stream,2.0,181.21875,0.3,1810.46875,1934.0,0.0,3536.0,482.0,1085.0,44.718,44.968
84.737,stream,4.0,181.21875,0.3,1810.46875,1934.0,0.0,3536.0,482.0,1085.0,44.406,44.968
85.238,stream,2.0,181.21875,1.3,1810.46875,1934.0,0.0,3536.0,482.0,1085.0,44.468,45.031
85.739,stream,2.0,181.21875,0.0,1810.46875,1934.0,0.0,3536.0,482.0,1085.0,44.406,44.937
86.240,stream,2.0,181.21875,0.3,1810.46875,1934.0,0.0,3536.0,482.0,1085.0,44.375,45.031
86.742,stream,4.0,181.21875,0.3,1810.46875,1934.0,0.0,3577.0,482.0,1085.0,44.406,44.937
87.243,stream,4.0,181.22265625,0.0,1810.4609375,1934.0,0.0,3577.0,482.0,1085.0,44.437,44.937
87.745,stream,2.0,181.22265625,1.3,1810.4609375,1934.0,0.0,3577.0,482.0,1085.0,44.562,44.687
88.246,stream,4.0,181.2265625,0.7,1810.4609375,1934.0,0.0,3536.0,482.0,1085.0,44.656,44.843
88.748,stream,2.0,181.2265625,0.3,1810.45703125,1934.0,0.0,3536.0,482.0,1085.0,44.593,44.812
89.249,stream,2.0,181.2265625,0.0,1810.45703125,1934.0,0.0,3536.0,482.0,1085.0,44.625,45.031
89.751,stream,4.0,181.2265625,1.0,1810.45703125,1934.0,0.0,3536.0,482.0,1085.0,44.312,44.906
90.252,stream,2.0,181.2265625,0.0,1810.45703125,1934.0,0.0,3536.0,482.0,1085.0,44.375,44.875
90.753,stream,2.0,181.23046875,0.3,1810.45703125,1934.0,0.0,3536.0,482.0,1085.0,44.281,44.968
91.255,stream,4.0,181.23046875,0.7,1810.44921875,1934.0,0.0,3536.0,482.0,1085.0,44.656,44.843
91.756,stream,2.0,181.23046875,0.7,1810.44921875,1934.0,0.0,3536.0,482.0,1125.0,44.75,44.75
92.257,stream,4.0,181.23046875,0.3,1810.44921875,1934.0,0.0,3577.0,482.0,1085.0,44.593,44.812
92.759,stream,2.0,181.234375,0.3,1810.44921875,1934.0,0.0,3577.0,482.0,1085.0,44.406,45.0
93.261,stream,2.0,181.234375,0.7,1810.44140625,1934.0,0.0,3577.0,482.0,1085.0,44.312,44.906
93.762,stream,4.0,181.234375,0.7,1810.44140625,1934.0,0.0,3536.0,482.0,1125.0,44.375,44.718
94.263,stream,4.0,181.23828125,0.7,1810.44140625,1934.0,0.0,3577.0,482.0,1125.0,44.281,44.937
94.765,stream,2.0,181.23828125,0.7,1810.44140625,1934.0,0.0,3577.0,522.0,1085.0,44.5,44.812
95.267,stream,4.0,181.23828125,0.3,1810.44140625,1934.0,0.0,3536.0,482.0,1085.0,44.468,44.968
95.768,stream,2.0,181.23828125,0.3,1810.44140625,1934.0,0.0,3536.0,482.0,1125.0,44.312,44.843
96.269,stream,4.0,181.2421875,0.7,1810.44140625,1934.0,0.0,3536.0,482.0,1085.0,44.406,44.843
96.771,stream,2.0,181.2421875,0.7,1810.44140625,1934.0,0.0,3536.0,482.0,1085.0,44.437,44.687
97.273,stream,4.0,181.2421875,0.3,1810.44140625,1934.0,0.0,3536.0,482.0,1085.0,44.5,44.75
97.774,stream,2.0,181.2421875,3.3,1810.44140625,1934.0,0.0,3577.0,522.0,1125.0,44.562,44.75
98.275,stream,4.0,181.2421875,0.3,1810.43359375,1934.0,0.0,3577.0,482.0,1085.0,44.437,44.906
98.777,stream,4.0,181.2421875,1.0,1810.43359375,1934.0,0.0,3577.0,482.0,1125.0,44.312,44.75
99.278,stream,2.0,181.24609375,1.7,1810.43359375,1934.0,0.0,3577.0,482.0,1125.0,44.281,44.812
99.780,stream,4.0,181.24609375,0.7,1810.43359375,1934.0,0.0,3577.0,522.0,1125.0,44.343,44.812
100.282,stream,2.0,181.24609375,0.7,1810.43359375,1934.0,0.0,3577.0,522.0,1085.0,44.406,44.718
100.784,stream,4.0,181.25,1.0,1810.43359375,1934.0,0.0,3577.0,482.0,1085.0,44.468,44.718
101.285,stream,2.0,181.25390625,0.3,1810.43359375,1934.0,0.0,3577.0,522.0,1125.0,44.375,44.906
101.787,stream,4.0,181.2578125,0.7,1810.43359375,1934.0,0.0,3617.0,482.0,1085.0,44.312,44.843
102.288,stream,2.0,181.2578125,0.3,1810.43359375,1934.0,0.0,3577.0,482.0,1085.0,44.25,44.843
102.789,stream,4.0,181.26171875,0.7,1810.43359375,1934.0,0.0,3536.0,482.0,1085.0,44.593,44.843
103.291,stream,2.0,181.26953125,0.3,1810.43359375,1934.0,0.0,3577.0,482.0,1085.0,44.593,44.718
103.793,stream,4.0,181.26953125,0.3,1810.6796875,1934.0,0.0,3577.0,482.0,1085.0,44.375,44.781
104.294,stream,4.0,181.26953125,0.7,1810.48828125,1934.0,0.0,3536.0,482.0,1085.0,44.375,45.031
104.796,stream,2.0,181.26953125,0.3,1810.48828125,1934.0,0.0,3536.0,482.0,1085.0,44.312,44.875
105.297,stream,2.0,181.26953125,0.3,1810.58203125,1934.0,0.0,3536.0,482.0,1085.0,44.156,44.812
105.799,stream,2.0,181.26953125,0.7,1810.58203125,1934.0,0.0,3536.0,482.0,1085.0,44.5,44.875
106.300,stream,4.0,181.26953125,0.0,1810.58203125,1934.0,0.0,3536.0,482.0,1085.0,44.593,44.718
106.802,stream,4.0,181.26953125,0.0,1810.58203125,1934.0,0.0,3536.0,482.0,1085.0,44.468,45.0
107.303,stream,2.0,181.26953125,0.7,1810.80078125,1935.0,0.0,3536.0,482.0,1085.0,44.343,44.812
107.805,stream,2.0,181.2734375,1.0,1810.80078125,1935.0,0.0,3577.0,482.0,1085.0,44.312,44.843
108.306,stream,4.0,181.27734375,0.3,1810.80078125,1935.0,0.0,3577.0,482.0,1085.0,44.312,44.843
108.807,stream,2.0,181.27734375,1.0,1810.80078125,1935.0,0.0,3577.0,522.0,1125.0,44.625,44.781
109.309,stream,4.0,181.27734375,1.3,1810.80078125,1935.0,0.0,3617.0,522.0,1125.0,44.625,44.718
109.811,stream,2.0,181.27734375,2.3,1810.80078125,1935.0,0.0,3617.0,522.0,1085.0,44.468,45.0
110.313,stream,6.0,181.27734375,0.7,1810.80078125,1935.0,0.0,3577.0,522.0,1125.0,44.25,44.875
110.815,stream,2.0,181.27734375,2.3,1810.62109375,1935.0,0.0,3577.0,522.0,1125.0,44.25,44.812
111.316,stream,2.0,181.28125,0.7,1810.453125,1934.0,0.0,3577.0,522.0,1125.0,44.281,44.75
111.818,stream,6.0,181.28125,14.4,1810.453125,1934.0,0.0,3577.0,522.0,1125.0,44.468,44.718
112.320,stream,4.0,181.28125,13.7,1810.57421875,1934.0,7.0,3818.0,642.0,1123.0,44.656,44.687
112.822,stream,4.0,181.28125,3.4,1810.57421875,1934.0,26.0,3898.0,682.0,1123.0,44.562,44.687
113.324,stream,2.0,181.28515625,1.4,1810.57421875,1934.0,0.0,3697.0,562.0,1125.0,44.406,44.968
113.826,stream,4.0,181.2890625,1.3,1810.57421875,1934.0,0.0,3617.0,562.0,1125.0,44.25,44.906
114.327,stream,4.0,181.2890625,1.3,1810.56640625,1934.0,0.0,3617.0,522.0,1085.0,44.375,44.843
114.829,stream,4.0,181.2890625,1.7,1810.56640625,1934.0,0.0,3577.0,522.0,1125.0,44.625,44.812
115.331,stream,2.0,181.29296875,1.7,1810.56640625,1934.0,13.0,3577.0,482.0,1125.0,44.281,44.625
115.833,stream,4.0,181.29296875,0.3,1810.56640625,1934.0,0.0,3536.0,482.0,1085.0,44.406,44.718
116.335,stream,2.0,181.296875,1.7,1810.55859375,1934.0,0.0,3577.0,482.0,1085.0,44.562,44.75
116.836,stream,4.0,181.296875,4.3,1810.55859375,1934.0,0.0,3577.0,482.0,1125.0,44.406,44.687
117.338,stream,2.0,181.296875,1.4,1810.55859375,1934.0,0.0,3577.0,522.0,1085.0,44.406,44.937
117.839,stream,4.0,181.296875,0.7,1810.55859375,1934.0,0.0,3577.0,522.0,1085.0,44.281,44.843
118.341,stream,4.0,181.30078125,1.0,1810.55859375,1934.0,0.0,3577.0,482.0,1085.0,44.343,44.781
118.842,stream,2.0,181.30078125,0.3,1810.55859375,1934.0,0.0,3536.0,482.0,1125.0,44.281,44.875
119.344,stream,2.0,181.3046875,2.7,1810.55859375,1934.0,0.0,3536.0,482.0,1125.0,44.5,44.812
119.846,stream,6.0,181.30859375,0.7,1810.55859375,1934.0,0.0,3617.0,482.0,1085.0,44.468,44.843
120.348,stream,2.0,181.30859375,1.7,1810.55078125,1934.0,0.0,3577.0,482.0,1085.0,44.531,44.656
120.850,stream,2.0,181.30859375,0.0,1810.55078125,1934.0,0.0,3577.0,482.0,1085.0,44.343,44.718
121.351,stream,4.0,181.30859375,1.0,1810.55078125,1934.0,0.0,3577.0,482.0,1125.0,44.437,44.656
121.853,stream,2.0,181.3125,0.3,1810.55078125,1934.0,0.0,3536.0,482.0,1085.0,44.25,44.875
122.354,stream,4.0,181.3125,1.3,1810.55078125,1934.0,0.0,3536.0,482.0,1085.0,44.281,44.812
122.856,stream,2.0,181.3125,0.3,1810.55078125,1934.0,0.0,3577.0,482.0,1085.0,44.156,44.75
123.357,stream,4.0,181.31640625,0.7,1810.55078125,1934.0,0.0,3577.0,482.0,1125.0,44.406,44.781
123.859,stream,2.0,181.31640625,0.3,1810.55078125,1934.0,0.0,3577.0,482.0,1085.0,44.437,44.781
124.361,stream,4.0,181.31640625,0.7,1810.55078125,1934.0,0.0,3536.0,482.0,1085.0,44.375,44.687
124.862,stream,2.0,181.31640625,0.3,1810.55078125,1934.0,0.0,3536.0,482.0,1085.0,44.468,44.937
125.364,stream,2.0,181.3203125,1.0,1810.54296875,1934.0,0.0,3577.0,482.0,1125.0,44.281,44.875
125.865,stream,4.0,181.3203125,0.7,1810.54296875,1934.0,0.0,3536.0,482.0,1085.0,44.218,44.843
126.367,stream,2.0,181.32421875,0.7,1810.54296875,1934.0,0.0,3536.0,482.0,1085.0,44.312,44.781
126.869,stream,2.0,181.328125,0.3,1810.54296875,1934.0,0.0,3536.0,482.0,1085.0,44.25,44.812
127.370,stream,4.0,181.33203125,0.7,1810.54296875,1934.0,0.0,3536.0,482.0,1085.0,44.531,44.781
127.872,stream,4.0,181.33203125,0.3,1810.54296875,1934.0,0.0,3536.0,482.0,1085.0,44.531,44.687
128.373,stream,2.0,181.33203125,0.7,1810.54296875,1934.0,0.0,3536.0,482.0,1085.0,44.437,44.75
128.875,stream,2.0,181.33203125,0.7,1810.54296875,1934.0,0.0,3536.0,482.0,1085.0,44.375,44.656
129.377,stream,4.0,181.33203125,0.0,1810.78125,1934.0,0.0,3536.0,482.0,1085.0,44.437,44.812
129.878,stream,2.0,181.33203125,0.3,1810.78125,1935.0,0.0,3536.0,482.0,1085.0,44.343,44.906
130.380,stream,4.0,181.33203125,0.7,1810.78125,1935.0,0.0,3577.0,482.0,1085.0,44.25,44.718
130.881,stream,2.0,181.33203125,0.0,1810.78125,1935.0,0.0,3577.0,482.0,1085.0,44.281,44.812
131.383,stream,2.0,181.3359375,1.0,1810.7734375,1935.0,0.0,3536.0,482.0,1125.0,44.5,44.656
131.885,stream,4.0,181.3359375,0.3,1810.7734375,1935.0,0.0,3536.0,482.0,1125.0,44.312,44.843
132.386,stream,2.0,181.3359375,0.7,1810.76953125,1935.0,0.0,3536.0,482.0,1085.0,44.468,44.75
132.888,stream,4.0,181.33984375,0.0,1810.76953125,1935.0,0.0,3577.0,482.0,1085.0,44.218,44.75
133.389,stream,2.0,181.33984375,1.3,1810.76953125,1935.0,0.0,3577.0,482.0,1085.0,44.312,44.625
133.890,stream,4.0,181.33984375,0.0,1810.76953125,1935.0,0.0,3536.0,482.0,1085.0,44.156,44.718
134.392,stream,2.0,181.33984375,0.3,1810.76953125,1935.0,0.0,3536.0,482.0,1085.0,44.343,44.687
134.893,stream,2.0,181.33984375,0.3,1810.76953125,1935.0,0.0,3536.0,482.0,1085.0,44.531,44.718
135.394,stream,4.0,181.34375,0.0,1810.76953125,1935.0,0.0,3536.0,482.0,1085.0,44.281,44.656
135.896,stream,2.0,181.34375,0.3,1810.76953125,1935.0,0.0,3536.0,482.0,1085.0,44.187,44.75
136.398,stream,4.0,181.34375,1.0,1810.76171875,1935.0,0.0,3577.0,482.0,1085.0,44.218,44.718
136.899,stream,2.0,181.34375,0.3,1810.76171875,1935.0,0.0,3536.0,482.0,1085.0,44.531,44.718
137.401,stream,4.0,181.34375,0.3,1810.76171875,1935.0,0.0,3536.0,482.0,1085.0,44.343,44.75
137.902,stream,2.0,181.34765625,0.7,1810.76171875,1935.0,0.0,3536.0,482.0,1085.0,44.312,44.656
138.404,stream,4.0,181.34765625,0.0,1810.76171875,1935.0,0.0,3536.0,482.0,1085.0,44.312,44.593
138.905,stream,2.0,181.34765625,1.0,1810.76171875,1935.0,0.0,3536.0,482.0,1085.0,44.343,44.875
139.407,stream,2.0,181.35546875,0.0,1810.76171875,1935.0,0.0,3536.0,482.0,1085.0,44.156,44.781
139.908,stream,4.0,181.35546875,0.3,1810.76171875,1935.0,0.0,3536.0,482.0,1085.0,44.312,44.656
140.409,stream,2.0,181.35546875,0.3,1810.76171875,1935.0,0.0,3536.0,482.0,1085.0,44.593,44.718
140.911,stream,2.0,181.35546875,0.3,1810.76171875,1935.0,0.0,3536.0,482.0,1085.0,44.281,44.625
141.413,stream,4.0,181.35546875,1.0,1810.75390625,1935.0,0.0,3577.0,482.0,1085.0,44.281,44.812
141.915,stream,2.0,181.359375,0.7,1810.75390625,1935.0,0.0,3577.0,482.0,1085.0,44.156,44.781
142.417,stream,4.0,181.359375,0.7,1810.74609375,1935.0,0.0,3577.0,482.0,1085.0,44.531,44.781
142.918,stream,2.0,181.359375,0.0,1810.74609375,1935.0,0.0,3536.0,482.0,1085.0,44.25,44.75
143.420,stream,4.0,181.36328125,1.0,1810.74609375,1935.0,0.0,3536.0,482.0,1085.0,44.437,44.656
143.922,stream,2.0,181.3671875,0.3,1810.74609375,1935.0,0.0,3536.0,482.0,1085.0,44.281,44.75
144.423,stream,2.0,181.3671875,0.3,1810.74609375,1935.0,0.0,3536.0,482.0,1085.0,44.218,44.906
144.924,stream,4.0,181.3671875,0.7,1810.74609375,1935.0,0.0,3536.0,482.0,1085.0,44.187,44.718
145.426,stream,2.0,181.37109375,0.3,1810.74609375,1935.0,0.0,3536.0,482.0,1085.0,44.468,44.687
145.927,stream,2.0,181.37109375,0.7,1810.74609375,1935.0,0.0,3536.0,482.0,1085.0,44.5,44.5
146.428,stream,4.0,181.37109375,0.3,1810.74609375,1935.0,0.0,3536.0,482.0,1085.0,44.25,44.718
146.930,stream,4.0,181.37109375,0.7,1810.74609375,1935.0,0.0,3536.0,482.0,1085.0,44.25,44.781
147.431,stream,2.0,181.375,0.7,1810.984375,1935.0,0.0,3577.0,482.0,1085.0,44.187,44.75
147.933,stream,2.0,181.375,0.3,1810.984375,1935.0,0.0,3536.0,482.0,1085.0,44.5,44.75
148.434,stream,4.0,181.375,0.7,1810.81640625,1935.0,0.0,3536.0,482.0,1085.0,44.156,44.781
148.936,stream,2.0,181.375,0.7,1810.81640625,1935.0,0.0,3536.0,482.0,1085.0,44.406,44.75
149.437,stream,2.0,181.375,0.0,1810.81640625,1935.0,0.0,3536.0,482.0,1085.0,44.5,44.656
149.939,stream,4.0,181.375,1.0,1810.81640625,1935.0,0.0,3536.0,482.0,1085.0,44.531,44.593
150.440,stream,4.0,181.375,0.0,1810.81640625,1935.0,0.0,3536.0,482.0,1085.0,44.343,44.937
150.942,stream,2.0,181.375,1.3,1810.81640625,1935.0,0.0,3536.0,482.0,1085.0,44.218,44.843
151.444,stream,4.0,181.37890625,0.0,1810.81640625,1935.0,0.0,3536.0,482.0,1085.0,44.156,44.812
151.945,stream,2.0,181.3828125,0.3,1810.81640625,1935.0,0.0,3536.0,482.0,1085.0,44.156,44.75
152.447,stream,2.0,181.38671875,0.7,1810.81640625,1935.0,0.0,3536.0,482.0,1125.0,44.156,44.656
152.948,stream,2.0,181.38671875,1.0,1810.81640625,1935.0,0.0,3577.0,482.0,1085.0,44.218,44.687
153.449,stream,4.0,181.38671875,0.3,1810.640625,1934.0,0.0,3577.0,482.0,1085.0,44.468,44.656
153.950,stream,4.0,181.38671875,0.7,1810.640625,1934.0,0.0,3577.0,482.0,1125.0,44.312,44.718
154.452,stream,2.0,181.38671875,0.3,1810.55078125,1934.0,0.0,3536.0,482.0,1125.0,44.531,44.625
154.953,stream,2.0,181.38671875,0.7,1810.55078125,1934.0,0.0,3536.0,482.0,1085.0,44.343,44.781
155.454,stream,4.0,181.38671875,0.3,1810.55078125,1934.0,0.0,3536.0,482.0,1085.0,44.25,44.781
155.956,stream,2.0,181.38671875,0.3,1810.55078125,1934.0,0.0,3536.0,482.0,1125.0,44.187,44.687
156.457,stream,2.0,181.38671875,0.7,1810.55078125,1934.0,0.0,3536.0,482.0,1125.0,44.375,44.656
156.958,stream,2.0,181.38671875,0.3,1810.55078125,1934.0,0.0,3536.0,482.0,1125.0,44.531,44.625
157.459,stream,4.0,181.38671875,1.0,1810.55078125,1934.0,0.0,3536.0,482.0,1085.0,44.218,44.906
157.961,stream,4.0,181.390625,0.3,1810.55078125,1934.0,0.0,3577.0,482.0,1085.0,44.25,44.781
158.462,stream,2.0,181.390625,0.3,1810.55078125,1934.0,0.0,3577.0,482.0,1085.0,44.156,44.687
158.963,stream,2.0,181.390625,1.0,1810.55078125,1934.0,0.0,3536.0,482.0,1125.0,44.406,44.468
159.465,stream,4.0,181.39453125,0.0,1810.54296875,1934.0,0.0,3536.0,482.0,1085.0,44.218,44.687
159.966,stream,2.0,181.39453125,0.7,1810.54296875,1934.0,0.0,3536.0,482.0,1085.0,44.218,44.687
160.467,stream,2.0,181.39453125,0.7,1810.54296875,1934.0,0.0,3536.0,482.0,1085.0,44.375,44.656
160.969,stream,4.0,181.3984375,0.3,1810.54296875,1934.0,0.0,3536.0,482.0,1125.0,44.312,44.718
161.470,stream,4.0,181.3984375,0.7,1810.54296875,1934.0,0.0,3536.0,482.0,1125.0,44.187,44.781
161.972,stream,2.0,181.3984375,0.0,1810.54296875,1934.0,0.0,3536.0,482.0,1085.0,44.187,44.687
162.474,stream,2.0,181.40234375,0.7,1810.54296875,1934.0,0.0,3536.0,482.0,1085.0,44.156,44.687
162.975,stream,2.0,181.40234375,0.0,1810.54296875,1934.0,0.0,3536.0,482.0,1085.0,44.156,44.656
163.477,stream,4.0,181.40625,1.0,1810.53515625,1934.0,0.0,3577.0,482.0,1125.0,44.468,44.812
163.978,stream,2.0,181.40625,0.3,1810.53515625,1934.0,0.0,3577.0,482.0,1085.0,44.312,44.656
164.480,stream,4.0,181.4140625,0.7,1810.53125,1934.0,0.0,3536.0,482.0,1085.0,44.312,44.718
164.982,stream,4.0,181.4140625,0.7,1810.53125,1934.0,0.0,3536.0,482.0,1085.0,44.406,44.656
165.483,stream,2.0,181.4140625,0.0,1810.53125,1934.0,0.0,3536.0,482.0,1085.0,44.218,44.687
165.985,stream,2.0,181.4140625,0.7,1810.53125,1934.0,0.0,3536.0,482.0,1085.0,44.406,44.718
166.486,stream,4.0,181.4140625,0.3,1810.53125,1934.0,0.0,3536.0,482.0,1085.0,44.156,44.75
166.988,stream,2.0,181.4140625,0.3,1810.5234375,1934.0,0.0,3536.0,482.0,1085.0,44.156,44.718
167.490,stream,2.0,181.421875,1.0,1810.5234375,1934.0,0.0,3536.0,482.0,1085.0,44.218,44.656
167.991,stream,4.0,181.421875,0.3,1810.5234375,1934.0,0.0,3536.0,482.0,1085.0,44.156,44.718
168.493,stream,2.0,181.421875,0.7,1810.5234375,1934.0,0.0,3536.0,482.0,1085.0,44.187,44.656
168.995,stream,4.0,181.421875,0.3,1810.5234375,1934.0,0.0,3577.0,482.0,1085.0,44.125,44.656
169.496,stream,4.0,181.421875,0.3,1810.515625,1934.0,0.0,3577.0,482.0,1085.0,44.031,44.75
169.998,stream,2.0,181.421875,0.7,1810.515625,1934.0,0.0,3536.0,482.0,1085.0,44.281,44.656
170.500,stream,2.0,181.421875,0.3,1810.515625,1934.0,0.0,3536.0,482.0,1085.0,44.312,44.625
171.001,stream,4.0,181.42578125,0.3,1810.515625,1934.0,0.0,3536.0,482.0,1085.0,44.156,44.812
171.503,stream,2.0,181.43359375,1.0,1810.515625,1934.0,0.0,3536.0,482.0,1085.0,44.25,44.625
172.004,stream,2.0,181.43359375,0.3,1810.515625,1934.0,0.0,3536.0,482.0,1085.0,44.156,44.656
172.506,stream,4.0,181.43359375,0.7,1810.515625,1934.0,0.0,3536.0,482.0,1085.0,44.343,44.625
173.007,stream,2.0,181.43359375,0.0,1810.515625,1934.0,0.0,3536.0,482.0,1085.0,44.156,44.656
173.508,stream,2.0,181.43359375,0.7,1810.515625,1934.0,0.0,3536.0,482.0,1085.0,44.218,44.687
174.010,stream,6.0,181.43359375,1.0,1810.515625,1934.0,0.0,3577.0,482.0,1085.0,44.093,44.656
174.512,stream,2.0,181.43359375,0.0,1810.5078125,1934.0,0.0,3536.0,482.0,1085.0,44.156,44.687
175.014,stream,2.0,181.4375,0.3,1810.5078125,1934.0,0.0,3536.0,482.0,1085.0,44.093,44.718
175.515,stream,4.0,181.4375,1.0,1810.5078125,1934.0,0.0,3536.0,482.0,1085.0,44.125,44.656
176.017,stream,2.0,181.4375,0.0,1810.50390625,1934.0,0.0,3536.0,482.0,1085.0,44.093,44.656
176.519,stream,2.0,181.4375,1.0,1810.50390625,1934.0,0.0,3536.0,482.0,1085.0,44.375,44.625
177.020,stream,4.0,181.44140625,0.0,1810.50390625,1934.0,0.0,3536.0,482.0,1085.0,44.187,44.656
177.522,stream,2.0,181.44140625,1.0,1810.50390625,1934.0,0.0,3536.0,482.0,1085.0,44.343,44.656
178.024,stream,2.0,181.4453125,0.3,1810.50390625,1934.0,0.0,3536.0,482.0,1085.0,44.375,44.656
178.525,stream,4.0,181.4453125,0.7,1810.50390625,1934.0,0.0,3536.0,482.0,1085.0,44.375,44.406
179.027,stream,4.0,181.44921875,0.3,1810.50390625,1934.0,0.0,3536.0,482.0,1085.0,44.25,44.531
179.528,stream,2.0,181.44921875,2.3,1810.49609375,1934.0,0.0,3617.0,522.0,1085.0,44.187,44.687
180.030,stream,2.0,181.44921875,0.3,1810.49609375,1934.0,0.0,3577.0,482.0,1085.0,44.125,44.75
180.531,stream,4.0,181.44921875,0.3,1810.48828125,1934.0,0.0,3577.0,482.0,1085.0,44.125,44.656
181.033,stream,2.0,181.44921875,0.3,1810.48828125,1934.0,0.0,3536.0,482.0,1085.0,44.375,44.593
181.534,stream,2.0,181.44921875,0.3,1810.48828125,1934.0,0.0,3536.0,482.0,1085.0,44.062,44.625
182.036,stream,2.0,181.44921875,0.3,1810.48828125,1934.0,0.0,3536.0,482.0,1085.0,44.031,44.5
182.537,stream,6.0,181.44921875,0.7,1810.48828125,1934.0,0.0,3536.0,482.0,1085.0,44.156,44.656
183.039,stream,2.0,181.45703125,0.7,1810.48828125,1934.0,0.0,3536.0,482.0,1085.0,44.312,44.562
183.540,stream,2.0,181.45703125,0.3,1810.48828125,1934.0,0.0,3536.0,482.0,1085.0,44.312,44.656
184.042,stream,4.0,181.45703125,0.0,1810.48828125,1934.0,0.0,3536.0,482.0,1085.0,44.531,44.562
184.543,stream,2.0,181.4609375,0.7,1810.48828125,1934.0,0.0,3536.0,482.0,1085.0,44.25,44.437
185.045,stream,2.0,181.4609375,0.3,1810.48828125,1934.0,0.0,3577.0,482.0,1085.0,44.218,44.687
185.546,stream,2.0,181.4609375,0.3,1810.48046875,1934.0,0.0,3536.0,482.0,1085.0,44.218,44.656
186.048,stream,6.0,181.4609375,0.0,1810.48046875,1934.0,0.0,3536.0,482.0,1085.0,44.125,44.625
186.549,stream,2.0,181.46484375,0.7,1810.48046875,1934.0,0.0,3536.0,482.0,1085.0,44.156,44.656
187.051,stream,2.0,181.46484375,0.7,1810.48046875,1934.0,0.0,3536.0,482.0,1085.0,44.375,44.625
187.553,stream,2.0,181.46484375,0.3,1810.48046875,1934.0,0.0,3536.0,482.0,1085.0,44.375,44.593
188.054,stream,4.0,181.46875,1.0,1810.48046875,1934.0,0.0,3536.0,482.0,1085.0,44.343,44.406
188.556,stream,2.0,181.46875,0.0,1810.48046875,1934.0,0.0,3536.0,482.0,1085.0,44.187,44.656
189.057,stream,2.0,181.46875,0.0,1810.48046875,1934.0,0.0,3536.0,482.0,1085.0,44.125,44.656
189.559,stream,4.0,181.46875,0.7,1810.48046875,1934.0,0.0,3536.0,482.0,1085.0,44.093,44.656
190.060,stream,4.0,181.47265625,0.3,1810.48046875,1934.0,0.0,3536.0,482.0,1085.0,44.156,44.593
190.561,stream,2.0,181.47265625,0.7,1810.47265625,1934.0,0.0,3577.0,482.0,1085.0,44.187,44.531
191.063,stream,2.0,181.4765625,0.7,1810.47265625,1934.0,0.0,3536.0,482.0,1085.0,44.343,44.593
191.565,stream,4.0,181.4765625,0.0,1810.47265625,1934.0,0.0,3536.0,482.0,1085.0,44.062,44.656
192.066,stream,2.0,181.4765625,0.3,1810.46484375,1934.0,0.0,3536.0,482.0,1085.0,44.125,44.656
192.567,stream,2.0,181.4765625,0.7,1810.46484375,1934.0,0.0,3536.0,482.0,1085.0,44.093,44.625
193.069,stream,2.0,181.48046875,0.3,1810.46484375,1934.0,0.0,3536.0,482.0,1085.0,44.375,44.531
193.570,stream,4.0,181.48046875,0.3,1810.46484375,1934.0,0.0,3536.0,482.0,1085.0,44.343,44.562
194.072,stream,2.0,181.48046875,0.3,1810.46484375,1934.0,0.0,3577.0,482.0,1085.0,44.281,44.5
194.573,stream,4.0,181.48046875,0.3,1810.46484375,1934.0,0.0,3577.0,482.0,1085.0,44.25,44.375
195.074,stream,2.0,181.48828125,0.7,1810.46484375,1934.0,0.0,3577.0,482.0,1085.0,44.062,44.656
195.576,stream,2.0,181.48828125,0.0,1810.46484375,1934.0,0.0,3536.0,482.0,1085.0,44.093,44.593
196.087,stream,3.9,181.48828125,0.7,1810.45703125,1934.0,0.0,3577.0,482.0,1085.0,44.093,44.562
196.588,stream,2.0,181.4921875,0.3,1810.45703125,1934.0,0.0,3536.0,482.0,1085.0,44.062,44.625
197.089,stream,4.0,181.4921875,0.3,1810.45703125,1934.0,0.0,3536.0,482.0,1085.0,44.031,44.656
197.590,stream,2.0,181.4921875,0.7,1810.45703125,1934.0,0.0,3536.0,482.0,1085.0,44.0,44.625
198.092,stream,2.0,181.4921875,0.7,1810.453125,1934.0,0.0,3536.0,482.0,1085.0,44.218,44.5
198.593,stream,4.0,181.4921875,0.0,1810.453125,1934.0,0.0,3536.0,482.0,1085.0,44.218,44.625
199.094,stream,2.0,181.49609375,0.7,1810.453125,1934.0,0.0,3536.0,482.0,1085.0,44.25,44.468
199.595,stream,2.0,181.49609375,0.7,1810.453125,1934.0,0.0,3577.0,482.0,1085.0,44.093,44.562
200.097,stream,2.0,181.49609375,0.7,1810.453125,1934.0,0.0,3536.0,482.0,1085.0,44.25,44.5
200.598,stream,4.0,181.49609375,0.7,1810.453125,1934.0,0.0,3536.0,482.0,1085.0,44.218,44.531
201.099,stream,4.0,181.49609375,0.0,1810.4453125,1934.0,0.0,3577.0,482.0,1085.0,44.093,44.656
201.600,stream,2.0,181.49609375,0.3,1810.4453125,1934.0,0.0,3536.0,482.0,1085.0,44.031,44.593
202.102,stream,2.0,181.49609375,1.3,1810.4453125,1934.0,0.0,3536.0,482.0,1085.0,44.031,44.625
202.603,stream,4.0,181.49609375,0.0,1810.4453125,1934.0,0.0,3536.0,482.0,1085.0,44.281,44.625
203.104,stream,2.0,181.50390625,0.7,1810.4453125,1934.0,0.0,3536.0,482.0,1085.0,44.093,44.531
203.606,stream,2.0,181.5078125,0.0,1810.4453125,1934.0,0.0,3536.0,482.0,1085.0,44.187,44.468
204.107,stream,4.0,181.5078125,0.3,1810.4453125,1934.0,0.0,3536.0,482.0,1085.0,44.187,44.531
204.608,stream,2.0,181.51171875,0.7,1810.4453125,1934.0,0.0,3536.0,482.0,1085.0,44.062,44.656
205.109,stream,4.0,181.51171875,0.3,1810.4375,1934.0,0.0,3536.0,482.0,1085.0,43.937,44.531
205.610,stream,2.0,181.51171875,0.0,1810.4375,1934.0,0.0,3536.0,482.0,1085.0,44.125,44.406
206.112,stream,4.0,181.51171875,0.7,1810.4375,1934.0,0.0,3536.0,482.0,1085.0,44.125,44.406
206.614,stream,2.0,181.51171875,0.0,1810.4375,1934.0,0.0,3536.0,482.0,1085.0,44.281,44.5
207.115,stream,2.0,181.515625,0.3,1810.4296875,1934.0,0.0,3577.0,482.0,1085.0,44.281,44.437
207.617,stream,2.0,181.515625,0.7,1810.4296875,1934.0,0.0,3536.0,482.0,1085.0,44.093,44.656
208.118,stream,4.0,181.515625,0.3,1810.67578125,1934.0,0.0,3536.0,482.0,1085.0,44.031,44.468
208.619,stream,4.0,181.515625,0.0,1810.67578125,1934.0,0.0,3536.0,482.0,1085.0,44.031,44.531
209.120,stream,2.0,181.51953125,0.3,1810.67578125,1934.0,0.0,3536.0,482.0,1085.0,44.062,44.468
209.622,stream,2.0,181.51953125,0.7,1810.67578125,1934.0,0.0,3577.0,482.0,1085.0,44.062,44.5
210.124,stream,4.0,181.5234375,0.7,1810.67578125,1934.0,0.0,3536.0,482.0,1085.0,44.156,44.656
210.625,stream,2.0,181.5234375,0.3,1810.67578125,1934.0,0.0,3536.0,482.0,1085.0,44.062,44.5
211.126,stream,2.0,181.52734375,0.0,1810.67578125,1934.0,0.0,3536.0,482.0,1085.0,44.0,44.562
211.628,stream,4.0,181.52734375,0.0,1810.67578125,1934.0,0.0,3536.0,482.0,1085.0,44.281,44.437
212.129,stream,2.0,181.52734375,1.0,1810.6640625,1934.0,0.0,3577.0,482.0,1085.0,44.25,44.343
212.631,stream,4.0,181.52734375,0.7,1810.6640625,1934.0,0.0,3536.0,482.0,1085.0,44.281,44.5
213.133,stream,2.0,181.52734375,0.0,1810.6640625,1934.0,0.0,3536.0,482.0,1085.0,44.093,44.437
213.634,stream,2.0,181.52734375,0.7,1810.6640625,1934.0,0.0,3536.0,482.0,1085.0,44.218,44.531
214.136,stream,2.0,181.52734375,0.3,1810.6640625,1934.0,0.0,3536.0,482.0,1085.0,44.0,44.625
214.637,stream,4.0,181.52734375,0.0,1810.6640625,1934.0,0.0,3536.0,482.0,1085.0,44.218,44.531
215.139,stream,4.0,181.53125,0.7,1810.6640625,1934.0,0.0,3536.0,482.0,1085.0,44.031,44.625
215.640,stream,2.0,181.53515625,0.7,1810.6640625,1934.0,0.0,3536.0,482.0,1085.0,44.218,44.562
216.142,stream,2.0,181.53515625,0.7,1810.6640625,1934.0,0.0,3536.0,482.0,1085.0,44.218,44.437
216.643,stream,4.0,181.53515625,0.7,1810.6640625,1934.0,0.0,3536.0,482.0,1085.0,44.156,44.531
217.144,stream,2.0,181.53515625,0.0,1810.6640625,1934.0,0.0,3536.0,482.0,1085.0,44.25,44.5
217.646,stream,2.0,181.53515625,0.3,1810.90234375,1934.0,0.0,3577.0,482.0,1085.0,44.156,44.5
218.148,stream,2.0,181.53515625,1.0,1810.89453125,1935.0,0.0,3536.0,482.0,1085.0,44.281,44.531
218.649,stream,6.0,181.53515625,0.3,1810.89453125,1935.0,0.0,3536.0,482.0,1085.0,44.062,44.656
219.150,stream,2.0,181.5390625,0.7,1810.89453125,1935.0,0.0,3536.0,482.0,1085.0,44.093,44.468
219.652,stream,2.0,181.5390625,0.3,1810.89453125,1935.0,0.0,3536.0,482.0,1085.0,43.937,44.593
220.153,stream,2.0,181.5390625,0.0,1810.890625,1935.0,0.0,3536.0,482.0,1085.0,44.031,44.437
220.655,stream,4.0,181.54296875,1.3,1810.890625,1935.0,0.0,3536.0,482.0,1085.0,44.156,44.468
221.156,stream,2.0,181.54296875,0.0,1810.890625,1935.0,0.0,3536.0,482.0,1085.0,44.156,44.218
221.658,stream,2.0,181.546875,0.3,1810.890625,1935.0,0.0,3536.0,482.0,1085.0,44.281,44.468
222.159,stream,4.0,181.55078125,0.7,1810.890625,1935.0,0.0,3536.0,482.0,1085.0,44.343,44.468
222.660,stream,4.0,181.55078125,0.0,1810.890625,1935.0,0.0,3536.0,482.0,1085.0,44.031,44.468
223.162,stream,2.0,181.5546875,0.7,1810.8828125,1935.0,0.0,3577.0,482.0,1085.0,44.093,44.562
223.663,stream,4.0,181.55859375,0.7,1810.8828125,1935.0,0.0,3536.0,482.0,1085.0,44.375,44.437
224.165,stream,2.0,181.55859375,0.3,1810.8828125,1935.0,0.0,3536.0,482.0,1085.0,44.062,44.656
224.666,stream,2.0,181.55859375,0.0,1810.8828125,1935.0,0.0,3536.0,482.0,1085.0,44.156,44.593
225.168,stream,4.0,181.55859375,0.3,1810.8828125,1935.0,0.0,3536.0,482.0,1085.0,44.125,44.593
225.670,stream,2.0,181.55859375,0.7,1810.8828125,1935.0,0.0,3577.0,482.0,1085.0,44.062,44.656
226.171,stream,4.0,181.55859375,0.3,1810.8828125,1935.0,0.0,3536.0,482.0,1085.0,44.0,44.531
226.673,stream,2.0,181.55859375,0.7,1810.8828125,1935.0,0.0,3536.0,482.0,1085.0,44.062,44.5
227.174,stream,2.0,181.5625,0.0,1810.8828125,1935.0,0.0,3536.0,482.0,1085.0,43.906,44.531
227.676,stream,2.0,181.5625,0.3,1810.8828125,1935.0,0.0,3536.0,482.0,1085.0,43.937,44.562
228.177,stream,4.0,181.5625,1.7,1810.8828125,1935.0,0.0,3536.0,482.0,1085.0,43.937,44.468
228.678,stream,4.0,181.5703125,4.9,1810.8828125,1935.0,0.0,3617.0,522.0,1085.0,44.156,44.406
229.180,stream,2.0,181.57421875,1.4,1810.875,1935.0,0.0,3577.0,522.0,1085.0,44.156,44.468
229.681,stream,6.0,181.57421875,9.1,1810.875,1935.0,0.0,3577.0,522.0,1085.0,44.093,44.656
230.183,stream,4.0,181.57421875,5.5,1810.8671875,1935.0,0.0,3778.0,643.0,1125.0,44.125,44.531
230.685,stream,4.0,181.57421875,3.4,1810.8671875,1935.0,0.0,3737.0,602.0,1125.0,44.062,44.406
231.187,stream,2.0,181.578125,0.3,1810.8671875,1935.0,0.0,3617.0,522.0,1085.0,44.218,44.562
231.688,stream,2.0,181.578125,0.7,1810.8671875,1935.0,0.0,3577.0,522.0,1085.0,44.0,44.437
232.190,stream,4.0,181.578125,9.3,1811.34375,1935.0,0.0,3536.0,482.0,1085.0,44.156,44.437
232.697,stream,4.0,181.578125,27.3,1812.0625,1936.0,18.0,4326.0,960.0,1200.0,44.343,44.625
233.199,stream,2.0,181.578125,19.7,1811.875,1936.0,5.0,4293.0,1001.0,1163.0,44.343,44.468
233.700,stream,4.0,181.578125,6.6,1811.875,1936.0,0.0,4019.0,802.0,1123.0,44.125,44.5
234.202,stream,2.0,181.578125,7.7,1811.85546875,1936.0,0.0,3778.0,643.0,1125.0,44.156,44.656
234.704,stream,4.0,181.58203125,19.7,1811.85546875,1936.0,4.0,3938.0,762.0,1123.0,44.218,44.562
235.206,stream,4.0,181.58203125,9.4,1811.6796875,1936.0,2.0,4099.0,922.0,1123.0,44.093,44.656
235.708,stream,4.0,181.58203125,3.7,1811.67578125,1935.0,0.0,3818.0,683.0,1125.0,44.062,44.468
236.209,stream,2.0,181.5859375,2.0,1811.7734375,1936.0,0.0,3657.0,562.0,1085.0,44.343,44.593
236.712,stream,4.0,181.5859375,18.2,1811.7734375,1936.0,5.0,3858.0,682.0,1125.0,44.125,44.593
237.213,stream,4.0,181.5859375,20.7,1811.60546875,1935.0,24.0,4059.0,842.0,1123.0,44.343,44.562
237.716,stream,2.0,181.5859375,19.9,1811.60546875,1935.0,22.0,4059.0,842.0,1123.0,44.093,44.531
238.217,stream,4.0,181.5859375,12.3,1811.76953125,1936.0,0.0,4019.0,802.0,1123.0,44.312,44.468
238.720,stream,4.0,181.5859375,14.4,1812.015625,1936.0,22.0,3938.0,722.0,1123.0,44.437,44.531
239.222,stream,4.0,181.58984375,19.1,1811.8359375,1936.0,9.0,4139.0,963.0,1123.0,44.531,44.593
239.723,stream,2.0,181.58984375,6.4,1811.66796875,1935.0,0.0,3938.0,762.0,1125.0,44.156,44.531
240.225,stream,4.0,181.59375,0.3,1811.76953125,1936.0,0.0,3657.0,562.0,1085.0,44.281,44.562
240.727,stream,4.0,181.59765625,17.3,1804.98828125,1938.0,30.0,3778.0,642.0,1123.0,44.5,44.5
241.228,stream,4.0,181.59765625,23.7,1811.125,1935.0,22.0,4592.0,1038.0,1198.0,44.531,44.531
241.730,stream,2.0,181.6015625,22.1,1815.07421875,1937.0,16.0,4632.0,1076.0,1156.0,44.312,44.593
242.232,stream,4.0,181.6015625,15.7,1834.546875,1959.0,0.0,4400.0,960.0,1120.0,44.187,44.656
242.734,stream,4.0,181.6015625,13.5,1839.734375,1963.0,0.0,4213.0,802.0,1123.0,44.25,44.656
243.235,stream,2.0,181.60546875,18.2,1842.86328125,1966.0,0.0,4213.0,842.0,1123.0,44.406,44.625
243.737,stream,4.0,181.609375,35.5,1854.6953125,1979.0,42.0,4600.0,1160.0,1160.0,44.562,44.593
244.239,stream,6.0,181.61328125,37.9,1932.9296875,2048.0,19.0,5103.0,1355.0,1315.0,44.718,44.718
244.740,stream,4.0,181.61328125,21.9,1946.7109375,2073.0,0.0,5191.0,1315.0,1357.0,44.375,44.718
245.242,stream,2.0,181.61328125,9.8,1945.51953125,2070.0,0.0,4373.0,841.0,1201.0,44.187,44.656
245.744,stream,6.0,181.61328125,33.7,1939.74609375,2065.0,57.0,4567.0,1120.0,1160.0,44.375,44.656
246.246,stream,4.0,181.6171875,23.1,1936.578125,2061.0,8.0,4527.0,1120.0,1160.0,44.406,44.718
246.747,stream,2.0,181.62109375,21.1,1936.578125,2061.0,23.0,4366.0,1121.0,1121.0,44.531,44.687
247.249,stream,4.0,181.625,20.5,1931.6015625,2056.0,5.0,4293.0,1081.0,1121.0,44.562,44.656
247.750,stream,2.0,181.625,12.4,1932.09375,2057.0,0.0,4012.0,882.0,1123.0,44.25,44.656
248.252,stream,4.0,181.625,1.7,1929.5859375,2054.0,0.0,3737.0,602.0,1125.0,44.343,44.593
248.754,stream,2.0,181.625,1.3,1929.5859375,2054.0,0.0,3657.0,562.0,1125.0,44.218,44.593
249.255,stream,4.0,181.625,1.0,1927.5859375,2052.0,0.0,3617.0,522.0,1085.0,44.187,44.687
249.757,stream,4.0,181.625,1.7,1925.828125,2052.0,0.0,3617.0,522.0,1085.0,44.187,44.687
250.259,stream,2.0,181.625,1.4,1923.58984375,2051.0,0.0,3577.0,522.0,1125.0,44.156,44.718
250.760,stream,4.0,181.62890625,14.4,1923.58984375,2048.0,8.0,3617.0,522.0,1125.0,44.468,44.718
251.262,stream,2.0,181.62890625,21.5,1922.3046875,2049.0,20.0,3898.0,762.0,1125.0,44.75,44.75
251.764,stream,4.0,181.62890625,20.0,1922.3046875,2047.0,19.0,4213.0,961.0,1121.0,44.625,44.656
252.265,stream,4.0,181.62890625,21.4,1920.33203125,2047.0,19.0,4213.0,1041.0,1123.0,44.562,44.656
252.767,stream,4.0,181.62890625,21.8,1920.33203125,2045.0,24.0,4213.0,1001.0,1123.0,44.625,44.687
253.269,stream,2.0,181.62890625,21.7,1920.015625,2045.0,19.0,4133.0,963.0,1123.0,44.812,44.812
253.772,stream,4.0,181.6328125,18.1,1920.015625,2045.0,25.0,4213.0,1003.0,1123.0,44.437,44.656
254.274,stream,4.0,181.63671875,21.8,1917.82421875,2045.0,21.0,4059.0,882.0,1123.0,44.375,44.718
254.776,stream,4.0,181.640625,16.2,1918.06640625,2043.0,25.0,4173.0,1003.0,1123.0,44.281,44.687
255.278,stream,4.0,181.640625,25.3,1918.5546875,2034.0,2.0,4059.0,882.0,1123.0,44.343,44.656
255.780,stream,4.0,181.640625,25.6,1928.578125,2052.0,12.0,4447.0,1040.0,1160.0,44.437,44.687
256.282,stream,2.0,181.640625,18.0,1936.16796875,2057.0,0.0,4407.0,1081.0,1121.0,44.656,44.687
256.783,stream,4.0,181.640625,28.8,1953.3515625,2061.0,0.0,4213.0,1001.0,1123.0,44.656,44.812
257.285,stream,4.0,181.640625,17.7,1960.80078125,2080.0,0.0,4520.0,1080.0,1160.0,44.468,44.687
257.786,stream,2.0,181.640625,17.2,1976.55078125,2094.0,0.0,4213.0,1003.0,1123.0,44.468,44.625
258.288,stream,4.0,181.640625,15.5,1980.7578125,2099.0,0.0,4213.0,922.0,1123.0,44.468,44.656
258.790,stream,2.0,181.640625,32.2,1994.66015625,2105.0,0.0,4293.0,921.0,1121.0,44.718,44.718
259.291,stream,2.0,181.64453125,26.3,2000.40625,2130.0,0.0,4912.0,1357.0,1238.0,44.656,44.656
259.793,stream,6.0,181.64453125,32.4,2001.12109375,2126.0,16.0,4792.0,1238.0,1238.0,44.718,44.718
260.295,stream,4.0,181.6484375,26.9,2008.015625,2134.0,0.0,5063.0,1435.0,1275.0,44.812,44.812
260.797,stream,4.0,181.6484375,16.8,2008.015625,2133.0,8.0,4640.0,1038.0,1240.0,44.531,44.812
261.299,stream,2.0,181.6484375,8.1,2008.26171875,2133.0,11.0,4173.0,841.0,1161.0,44.312,44.718
261.801,stream,4.0,181.6484375,6.3,2008.2578125,2134.0,3.0,4052.0,802.0,1123.0,44.375,44.687
262.303,stream,2.0,181.6484375,25.1,2008.72265625,2134.0,3.0,3858.0,642.0,1123.0,44.5,44.718
262.804,stream,4.0,181.65234375,12.3,2009.4375,2135.0,42.0,4800.0,1277.0,1238.0,44.843,44.843
263.306,stream,4.0,181.65625,1.4,2009.65234375,2135.0,0.0,4052.0,801.0,1161.0,44.406,44.656
263.808,stream,4.0,181.65625,1.7,2009.65234375,2135.0,0.0,3778.0,601.0,1123.0,44.312,44.875
264.309,stream,2.0,181.66015625,3.0,2009.65234375,2135.0,0.0,3657.0,562.0,1125.0,44.218,44.75
264.811,stream,4.0,181.66015625,6.3,2009.65234375,2135.0,0.0,3617.0,562.0,1085.0,44.531,44.718
265.313,stream,4.0,181.66015625,11.8,2009.640625,2135.0,0.0,3697.0,562.0,1125.0,44.343,44.687
265.815,stream,4.0,181.66015625,16.0,2009.640625,2135.0,0.0,3657.0,562.0,1125.0,44.531,44.656
266.316,stream,4.0,181.6640625,12.0,2008.8828125,2135.0,0.0,3657.0,562.0,1125.0,44.25,44.875
266.818,stream,4.0,181.6640625,9.8,2008.63671875,2134.0,0.0,3657.0,562.0,1085.0,44.281,44.781
267.319,stream,4.0,181.66796875,7.4,2006.95703125,2132.0,0.0,3617.0,562.0,1085.0,44.218,44.718
267.821,stream,2.0,181.66796875,7.8,2006.95703125,2132.0,0.0,3617.0,522.0,1085.0,44.625,44.656
268.323,stream,4.0,181.66796875,2.7,2004.265625,2130.0,0.0,3617.0,522.0,1085.0,44.468,44.718
268.824,stream,2.0,181.66796875,1.4,2004.265625,2130.0,0.0,3617.0,522.0,1085.0,44.375,44.593
269.326,stream,6.0,181.671875,1.0,2001.92578125,2127.0,0.0,3577.0,522.0,1085.0,44.187,44.843
269.827,stream,2.0,181.671875,0.7,2001.92578125,2127.0,0.0,3577.0,522.0,1085.0,44.218,44.75
270.329,stream,4.0,181.671875,1.4,1999.75390625,2125.0,0.0,3577.0,522.0,1085.0,44.5,44.687
270.830,stream,2.0,181.671875,4.5,1999.57421875,2125.0,0.0,3657.0,562.0,1085.0,44.343,44.625
271.332,stream,4.0,181.67578125,1.7,1998.19921875,2123.0,0.0,3617.0,562.0,1085.0,44.468,44.687
271.834,stream,4.0,181.67578125,6.3,1998.03125,2123.0,0.0,3617.0,522.0,1125.0,44.375,44.843
272.335,stream,2.0,181.6796875,6.2,1996.99609375,2122.0,0.0,3617.0,522.0,1085.0,44.312,44.718
272.837,stream,6.0,181.68359375,2.7,1996.99609375,2122.0,0.0,3617.0,522.0,1085.0,44.156,44.625
273.338,stream,2.0,181.68359375,4.9,1995.69140625,2121.0,0.0,3577.0,522.0,1085.0,44.281,44.656
273.840,stream,4.0,181.68359375,6.7,1995.9375,2121.0,0.0,3577.0,522.0,1085.0,44.468,44.687
274.341,stream,2.0,181.68359375,2.0,1994.9296875,2120.0,0.0,3577.0,522.0,1085.0,44.312,44.687
274.843,stream,2.0,181.68359375,4.2,1994.9296875,2120.0,0.0,3617.0,482.0,1085.0,44.375,44.812
275.344,stream,2.0,181.6875,7.7,1994.0546875,2119.0,0.0,3617.0,522.0,1085.0,44.375,44.718
275.846,stream,6.0,181.6875,6.5,1994.30078125,2119.0,0.0,3617.0,522.0,1085.0,44.281,44.781
276.347,stream,2.0,181.6875,4.3,1993.29296875,2119.0,0.0,3617.0,522.0,1085.0,44.156,44.718
276.848,stream,4.0,181.6875,4.0,1993.29296875,2119.0,0.0,3617.0,522.0,1085.0,44.406,44.812
277.350,stream,2.0,181.6875,2.4,1992.5859375,2118.0,0.0,3617.0,562.0,1125.0,44.562,44.593
277.852,stream,4.0,181.6875,2.8,1992.5859375,2118.0,23.0,3657.0,562.0,1125.0,44.312,44.625
278.353,stream,4.0,181.6875,2.4,1992.08203125,2117.0,0.0,3657.0,562.0,1125.0,44.406,44.843
278.855,stream,2.0,181.6875,1.0,1991.9140625,2117.0,0.0,3617.0,522.0,1125.0,44.187,44.718
279.357,stream,4.0,181.6953125,2.4,1991.90625,2117.0,0.0,3617.0,522.0,1085.0,44.218,44.781
279.858,stream,4.0,181.69921875,3.4,1991.90625,2117.0,0.0,3617.0,522.0,1085.0,44.156,44.718
280.360,stream,2.0,181.69921875,27.7,1994.5859375,2120.0,50.0,4480.0,1120.0,1200.0,44.812,44.968
280.862,stream,6.0,181.69921875,7.6,1994.5859375,2120.0,33.0,4012.0,801.0,1163.0,44.468,44.656
281.364,stream,2.0,181.69921875,5.5,1994.578125,2120.0,0.0,3778.0,601.0,1123.0,44.468,44.718
281.866,stream,4.0,181.69921875,21.1,1994.65625,2120.0,69.0,3737.0,642.0,1123.0,44.343,44.656
282.367,stream,2.0,181.69921875,31.8,1996.1484375,2121.0,24.0,4912.0,1395.0,1277.0,44.718,44.781
282.869,stream,4.0,181.69921875,1.3,1995.69921875,2121.0,0.0,4126.0,841.0,1161.0,44.562,44.687
283.371,stream,2.0,181.69921875,1.0,1995.69921875,2121.0,0.0,3737.0,601.0,1123.0,44.281,44.937
283.872,stream,4.0,181.69921875,2.4,1995.69921875,2121.0,0.0,3657.0,562.0,1125.0,44.343,44.875
284.374,stream,2.0,181.703125,1.3,1995.69921875,2121.0,0.0,3617.0,522.0,1085.0,44.187,44.906
284.876,stream,2.0,181.703125,10.2,1995.9453125,2121.0,0.0,3577.0,522.0,1125.0,44.437,44.875
285.377,stream,4.0,181.70703125,34.5,1996.12109375,2122.0,57.0,4992.0,1477.0,1277.0,45.125,45.125
285.879,stream,4.0,181.70703125,1.4,1996.12109375,2121.0,0.0,4286.0,961.0,1201.0,44.375,44.968
286.380,stream,4.0,181.7109375,10.9,1996.58203125,2122.0,0.0,3972.0,762.0,1123.0,44.375,44.906
286.882,stream,2.0,181.7109375,0.7,1996.58203125,2122.0,0.0,3737.0,602.0,1125.0,44.593,44.781
287.384,stream,2.0,181.7109375,4.1,1996.58203125,2122.0,0.0,3737.0,562.0,1125.0,44.625,44.687
287.886,stream,4.0,181.7109375,5.8,1996.58203125,2122.0,17.0,3778.0,602.0,1125.0,44.437,44.718
288.388,stream,4.0,181.71484375,5.0,1996.56640625,2122.0,2.0,3778.0,602.0,1125.0,44.406,44.968
288.890,stream,2.0,181.71484375,9.0,1996.56640625,2122.0,15.0,3778.0,643.0,1125.0,44.312,44.843
289.392,stream,4.0,181.71875,6.3,1996.56640625,2122.0,0.0,3697.0,602.0,1125.0,44.343,44.75
289.894,stream,2.0,181.71875,3.0,1996.56640625,2122.0,0.0,3617.0,562.0,1125.0,44.156,44.75
290.395,stream,2.0,181.71875,2.0,1996.56640625,2122.0,0.0,3617.0,562.0,1085.0,44.375,44.75
290.897,stream,4.0,181.71875,8.3,1996.56640625,2122.0,27.0,3858.0,642.0,1123.0,44.375,44.812
291.399,stream,4.0,181.72265625,9.4,1996.54296875,2122.0,7.0,3898.0,722.0,1123.0,44.343,44.687
291.901,stream,4.0,181.7265625,12.0,1996.54296875,2122.0,18.0,3858.0,722.0,1125.0,44.375,44.718
292.403,stream,2.0,181.7265625,2.0,1996.54296875,2122.0,0.0,3697.0,562.0,1085.0,44.406,44.75
292.904,stream,2.0,181.7265625,0.0,1996.54296875,2122.0,0.0,3577.0,522.0,1085.0,44.5,44.718
293.405,stream,2.0,181.7265625,0.7,1996.54296875,2122.0,0.0,3577.0,482.0,1085.0,44.375,44.875
293.907,stream,6.0,181.7265625,0.7,1996.54296875,2122.0,0.0,3577.0,482.0,1085.0,44.218,44.75
294.408,stream,2.0,181.7265625,0.0,1996.53515625,2122.0,0.0,3536.0,482.0,1085.0,44.437,44.718
294.909,stream,2.0,181.73046875,0.7,1996.53515625,2122.0,0.0,3536.0,482.0,1085.0,44.437,44.718
295.410,stream,2.0,181.734375,0.7,1996.53515625,2122.0,0.0,3536.0,482.0,1085.0,44.468,44.687
295.912,stream,2.0,181.734375,3.0,1996.53515625,2122.0,0.0,3577.0,482.0,1085.0,44.312,44.718
296.414,stream,4.0,181.734375,17.2,1996.359375,2122.0,0.0,3657.0,522.0,1125.0,44.406,44.843
296.916,stream,6.0,181.73828125,31.0,1897.0,2122.0,25.0,4012.0,762.0,1123.0,44.562,44.843
297.417,stream,4.0,181.73828125,7.3,1896.89453125,2022.0,0.0,4326.0,960.0,1160.0,44.406,44.875
297.919,stream,4.0,181.73828125,22.7,1896.89453125,2022.0,6.0,3892.0,722.0,1123.0,44.406,44.75
298.422,stream,4.0,181.7421875,20.7,1896.89453125,2022.0,39.0,4173.0,881.0,1121.0,44.562,44.781
298.924,stream,4.0,181.7421875,13.3,1896.89453125,2022.0,9.0,4133.0,882.0,1123.0,44.625,44.781
299.426,stream,4.0,181.74609375,12.2,1896.89453125,2022.0,0.0,3898.0,722.0,1123.0,44.468,44.593
299.928,stream,2.0,181.74609375,0.3,1896.89453125,2022.0,0.0,3818.0,682.0,1123.0,44.468,45.0
300.429,post,2.0,181.74609375,0.7,1896.89453125,2022.0,0.0,3617.0,562.0,1085.0,44.25,44.812
