t_start,t_end,t_decision,label,score,alarm,dominant,domain,csec_corr,csec_unc,|r_bal|,|r_aux|,|r_cool|,|r_ups|,|r_qp|,|r_pv|,|r_reg|,e_rec,e_fc
2.00,3.27,3.28,0,0.87339,1,e_rec,cross-domain,0.6455,0.0000,-6.243,-2.772,-4.378,0,-8.793,33.72,50,31.18,50
2.40,3.67,3.68,0,-1.74269,0,e_rec,cross-domain,0.4611,0.0000,-6.243,-2.772,-4.378,0,-8.793,29,48.32,19,48.9
2.80,4.07,4.08,0,11.43009,1,e_rec,cross-domain,0.1537,0.0000,-6.243,-2.772,-4.378,0,-8.793,18.38,47.14,50,16.95
3.20,4.47,4.48,0,-3.24314,0,|r_qp|,cross-domain,0.0000,0.0000,-6.243,-2.772,-4.378,0,-8.793,8.336,50,6.026,48.97
3.60,4.87,4.88,0,6.47606,1,e_rec,cross-domain,0.0000,0.0000,-6.243,-2.772,-4.378,0,-8.793,1.571,44.57,32.54,13.5
4.00,5.27,5.28,0,6.05601,1,e_rec,cross-domain,0.0000,0.0000,-6.243,-2.772,-4.378,0,-8.793,2.323,47.63,31.3,6.603
4.40,5.67,5.68,0,-1.75033,0,|r_qp|,cross-domain,0.0000,0.0000,-6.243,-2.772,-4.378,0,-8.793,4.932,41.78,9.168,46.69
4.80,6.07,6.08,0,-0.85933,0,|r_qp|,cross-domain,0.0000,0.0000,-6.243,-2.772,-4.378,0,-8.793,7.569,37.87,7.666,1.555
5.20,6.47,6.48,0,-1.13501,0,|r_qp|,cross-domain,0.0000,0.0000,-6.243,-2.772,-4.378,0,-8.793,6.629,28.7,5.049,-0.3786
5.60,6.87,6.88,0,-2.29827,0,|r_qp|,cross-domain,0.0000,0.0000,-6.243,-2.772,-4.378,0,-8.793,4.111,18.83,3.183,46.35
6.00,7.27,7.28,0,-2.30927,0,|r_qp|,cross-domain,0.0000,0.0000,-6.243,-2.772,-4.378,0,-8.793,1.943,14.29,-0.6547,0.6247
6.40,7.67,7.68,0,-1.81315,0,|r_qp|,cross-domain,0.0000,0.0000,-6.243,-2.772,-4.378,0,-8.793,1.695,6.11,-0.7748,-0.4135
6.80,8.07,8.08,0,-0.12165,1,|r_qp|,cross-domain,0.0000,0.0000,-6.243,-2.772,-4.378,0,-8.793,2.958,0.622,6.112,42.6
7.20,8.47,8.48,0,-1.45773,0,|r_qp|,cross-domain,0.0000,0.0000,-6.243,-2.772,-4.378,0,-8.793,3.16,1.445,-0.7743,-0.5531
7.60,8.87,8.88,0,-1.17770,0,|r_qp|,cross-domain,0.0000,0.0000,-6.243,-2.772,-4.378,0,-8.793,4.169,1.024,-0.08105,0.08436
8.00,9.27,9.28,0,-0.24780,1,|r_qp|,cross-domain,0.0000,0.0000,-6.243,-2.772,-4.378,0,-8.793,4.587,0.8706,6.111,50
8.40,9.67,9.68,0,-1.49265,0,|r_qp|,cross-domain,0.0000,0.0000,-6.243,-2.772,-4.378,0,-8.793,3.518,0.02619,-1.172,-0.2615
8.80,10.07,10.08,0,-1.37677,0,|r_qp|,cross-domain,0.0000,0.0000,-6.243,-2.772,-4.378,0,-8.793,2.084,-0.333,-0.656,0.8097
9.20,10.47,10.48,0,-0.41168,0,|r_qp|,cross-domain,0.0000,0.0000,-6.243,-2.772,-4.378,0,-8.793,0.207,-0.1772,5.908,50
9.60,10.87,10.88,0,-1.71154,0,|r_qp|,cross-domain,0.0000,0.0000,-6.243,-2.772,-4.378,0,-8.793,-0.5163,0.6699,-1.284,-0.694
10.00,11.27,11.28,0,-1.28698,0,|r_qp|,cross-domain,0.0000,0.0000,-6.243,-2.772,-4.378,0,-8.793,0.09813,0.1397,-0.02716,1.453
10.40,11.67,11.68,0,-0.01638,1,|r_qp|,cross-domain,0.0000,0.0000,-6.243,-2.772,-4.378,0,-8.793,2.161,0.2382,6.959,50
10.80,12.07,12.08,0,-1.15618,0,|r_qp|,cross-domain,0.0000,0.0000,-6.243,-2.772,-4.378,0,-8.793,3.196,0.6113,-0.03617,-0.6363
11.20,12.47,12.48,0,-0.98476,0,|r_qp|,cross-domain,0.0000,0.0000,-6.243,-2.772,-4.378,0,-8.793,4.671,0.1337,0.353,1.241
11.60,12.87,12.88,0,0.14557,1,|r_qp|,cross-domain,0.0000,0.0000,-6.243,-2.772,-4.378,0,-8.793,4.796,0.3088,7.164,50
12.00,13.27,13.28,0,-1.34178,0,|r_qp|,cross-domain,0.0000,0.0000,-6.243,-2.772,-4.378,0,-8.793,4.207,0.7018,-0.6779,-0.4457
12.40,13.67,13.68,0,-1.30575,0,|r_qp|,cross-domain,0.0000,0.0000,-6.243,-2.772,-4.378,0,-8.793,3.386,0.2892,-0.5028,0.3255
12.80,14.07,14.08,0,-0.16022,1,|r_qp|,cross-domain,0.0000,0.0000,-6.243,-2.772,-4.378,0,-8.793,1.95,0.003432,6.504,50
13.20,14.47,14.48,0,-1.57716,0,|r_qp|,cross-domain,0.0000,0.0000,-6.243,-2.772,-4.378,0,-8.793,1.085,0.3183,-1.124,-0.6557
13.60,14.87,14.88,0,-1.48932,0,|r_qp|,cross-domain,0.0000,0.0000,-6.243,-2.772,-4.378,0,-8.793,0.4449,-0.1543,-0.7544,1.127
14.00,15.27,15.28,0,-0.84767,0,|r_qp|,cross-domain,0.0000,0.0000,-6.243,-2.772,-4.378,0,-8.793,0.4734,0.0494,4.609,50
14.40,15.67,15.68,0,-1.21107,0,|r_qp|,cross-domain,0.0000,0.0000,-6.243,-2.772,-4.378,0,-8.793,0.7932,0.8523,0.1291,-0.4309
14.80,16.07,16.08,0,-1.18404,0,|r_qp|,cross-domain,0.0000,0.0000,-6.243,-2.772,-4.378,0,-8.793,1.164,0.3297,0.166,0.9726
15.20,16.47,16.48,0,0.01718,1,|r_qp|,cross-domain,0.0000,0.0000,-6.243,-2.772,-4.378,0,-8.793,2.236,0.1907,6.944,48.59
15.60,16.87,16.88,0,-1.28484,0,|r_qp|,cross-domain,0.0000,0.0000,-6.243,-2.772,-4.378,0,-8.793,2.965,1.264,-0.2763,-0.6937
16.00,17.27,17.28,0,-1.01182,0,|r_qp|,cross-domain,0.0000,0.0000,-6.243,-2.772,-4.378,0,-8.793,3.961,0.2329,0.2863,0.03284
16.40,17.67,17.68,0,-0.97391,0,|r_qp|,cross-domain,0.0000,0.0000,-6.243,-2.772,-4.378,0,-8.793,3.205,0.09586,3.931,50
16.80,18.07,18.08,0,-0.99897,0,|r_qp|,cross-domain,0.0000,0.0000,-6.243,-2.772,-4.378,0,-8.793,2.132,0.2479,0.5285,-0.0385
17.20,18.47,18.48,0,-1.52297,0,|r_qp|,cross-domain,0.0000,0.0000,-6.243,-2.772,-4.378,0,-8.793,0.4423,0.4232,-0.7952,0.3974
17.60,18.87,18.88,0,-0.49103,0,|r_qp|,cross-domain,0.0000,0.0000,-6.243,-2.772,-4.378,0,-8.793,0.5494,0.5188,5.656,48.43
18.00,19.27,19.28,0,-1.33804,0,|r_qp|,cross-domain,0.0000,0.0000,-6.243,-2.772,-4.378,0,-8.793,1.487,1.757,-0.1758,-0.692
18.40,19.67,19.68,0,-1.16862,0,|r_qp|,cross-domain,0.0000,0.0000,-6.243,-2.772,-4.378,0,-8.793,3.149,0.3756,-0.08858,-0.2769
18.80,20.07,20.08,0,-0.99091,0,|r_qp|,cross-domain,0.0000,0.0000,-6.243,-2.772,-4.378,0,-8.793,3.566,0.1996,3.859,50
19.20,20.47,20.48,0,-1.38815,0,|r_qp|,cross-domain,0.0000,0.0000,-6.243,-2.772,-4.378,0,-8.793,2.537,0.1086,-0.7369,-0.3481
19.60,20.87,20.88,0,-1.45753,0,|r_qp|,cross-domain,0.0000,0.0000,-6.243,-2.772,-4.378,0,-8.793,0.5511,-0.1884,-0.7359,0.2816
20.00,21.27,21.28,0,-0.54850,0,|r_qp|,cross-domain,0.0000,0.0000,-6.243,-2.772,-4.378,0,-8.793,-0.9151,-0.02,5.653,50
20.40,21.67,21.68,0,-1.49417,0,|r_qp|,cross-domain,0.0000,0.0000,-6.243,-2.772,-4.378,0,-8.793,-0.7764,0.6381,-0.5716,-0.196
20.80,22.07,22.08,0,-1.49465,0,|r_qp|,cross-domain,0.0000,0.0000,-6.243,-2.772,-4.378,0,-8.793,0.07706,-0.01838,-0.799,-0.2556
21.20,22.47,22.48,0,-0.52361,0,|r_qp|,cross-domain,0.0000,0.0000,-6.243,-2.772,-4.378,0,-8.793,0.4015,0.05863,5.595,50
21.60,22.87,22.88,0,-1.56675,0,|r_qp|,cross-domain,0.0000,0.0000,-6.243,-2.772,-4.378,0,-8.793,0.4962,0.4722,-0.9518,-0.007478
22.00,23.27,23.28,0,-1.44821,0,|r_qp|,cross-domain,0.0000,0.0000,-6.243,-2.772,-4.378,0,-8.793,0.7463,-0.0375,-0.7454,-0.3603
22.40,23.67,23.68,0,-1.30002,0,|r_qp|,cross-domain,0.0000,0.0000,-6.243,-2.772,-4.378,0,-8.793,0.7359,-0.0001484,3.209,50
22.80,24.07,24.08,0,-1.11530,0,|r_qp|,cross-domain,0.0000,0.0000,-6.243,-2.772,-4.378,0,-8.793,0.5812,1.008,0.5519,0.7316
23.20,24.47,24.48,0,-1.51295,0,|r_qp|,cross-domain,0.0000,0.0000,-6.243,-2.772,-4.378,0,-8.793,-0.5461,1.526,-0.4531,0.2441
23.60,24.87,24.88,0,-1.69150,0,|r_qp|,cross-domain,0.0000,0.0000,-6.243,-2.772,-4.378,0,-8.793,-1.148,1.837,2.111,43.04
24.00,25.27,25.28,0,-1.40592,0,|r_qp|,cross-domain,0.0000,0.0000,-6.243,-2.772,-4.378,0,-8.793,-0.7455,3.398,0.2686,0.5014
24.40,25.67,25.68,0,-1.69653,0,|r_qp|,cross-domain,0.0000,0.0000,-6.243,-2.772,-4.378,0,-8.793,-0.3619,2.654,-0.8158,0.1609
24.80,26.07,26.08,0,-0.94996,0,|r_qp|,cross-domain,0.0000,0.0000,-6.243,-2.772,-4.378,0,-8.793,0.9591,2.343,4.51,47.45
25.20,26.47,26.48,0,-1.35352,0,|r_qp|,cross-domain,0.0000,0.0000,-6.243,-2.772,-4.378,0,-8.793,1.615,3.086,0.1067,0.581
25.60,26.87,26.88,0,-1.15031,0,|r_qp|,cross-domain,0.0000,0.0000,-6.243,-2.772,-4.378,0,-8.793,3.407,1.439,0.1543,-0.09351
26.00,27.27,27.28,0,-0.95072,0,|r_qp|,cross-domain,0.0000,0.0000,-6.243,-2.772,-4.378,0,-8.793,3.622,1.053,4.05,48.74
26.40,27.67,27.68,0,-1.17168,0,|r_qp|,cross-domain,0.0000,0.0000,-6.243,-2.772,-4.378,0,-8.793,2.617,1.238,0.2032,0.8127
26.80,28.07,28.08,0,-1.47570,0,|r_qp|,cross-domain,0.0000,0.0000,-6.243,-2.772,-4.378,0,-8.793,0.3539,1.479,-0.4444,0.3388
27.20,28.47,28.48,0,-1.28765,0,|r_qp|,cross-domain,0.0000,0.0000,-6.243,-2.772,-4.378,0,-8.793,-0.953,2.134,3.767,48.88
27.60,28.87,28.88,0,-1.07287,0,|r_qp|,cross-domain,0.0000,0.0000,-6.243,-2.772,-4.378,0,-8.793,-0.8097,3.681,1.415,1.689
28.00,29.27,29.28,0,-1.54118,0,|r_qp|,cross-domain,0.0000,0.0000,-6.243,-2.772,-4.378,0,-8.793,-0.9324,3.547,-0.07914,0.6439
28.40,29.67,29.68,0,-1.62517,0,|r_qp|,cross-domain,0.0000,0.0000,-6.243,-2.772,-4.378,0,-8.793,-1.266,3.718,2.885,45.94
28.80,30.07,30.08,0,-1.50247,0,|r_qp|,cross-domain,0.0000,0.0000,-6.243,-2.772,-4.378,0,-8.793,-0.8508,4.647,0.31,1.663
29.20,30.47,30.48,0,-1.32705,0,|r_qp|,cross-domain,0.0000,0.0000,-6.243,-2.772,-4.378,0,-8.793,1.231,2.591,0.08766,-0.09511
29.60,30.87,30.88,0,-1.22802,0,|r_qp|,cross-domain,0.0000,0.0000,-6.243,-2.772,-4.378,0,-8.793,2.838,1.543,3.252,46.65
30.00,31.27,31.28,0,-1.53741,0,|r_qp|,cross-domain,0.0000,0.0000,-6.243,-2.772,-4.378,0,-8.793,2.781,1.114,-0.9215,1.082
30.40,31.67,31.68,0,-1.63179,0,|r_qp|,cross-domain,0.0000,0.0000,-6.243,-2.772,-4.378,0,-8.793,0.8507,0.4011,-1.242,-0.5896
30.80,32.07,32.08,0,-1.49660,0,|r_qp|,cross-domain,0.0000,0.0000,-6.243,-2.772,-4.378,0,-8.793,-0.6675,0.6518,2.9,50
31.20,32.47,32.48,0,-0.91900,0,|r_qp|,cross-domain,0.0000,0.0000,-6.243,-2.772,-4.378,0,-8.793,-1.045,0.9847,1.45,2.585
31.60,32.87,32.88,0,-1.50326,0,|r_qp|,cross-domain,0.0000,0.0000,-6.243,-2.772,-4.378,0,-8.793,-0.9061,1.818,-0.3241,0.2922
32.00,33.27,33.28,0,-1.22904,0,|r_qp|,cross-domain,0.0000,0.0000,-6.243,-2.772,-4.378,0,-8.793,-0.5764,2.097,3.766,47.04
32.40,33.67,33.68,0,-0.80565,0,|r_qp|,cross-domain,0.0000,0.0000,-6.243,-2.772,-4.378,0,-8.793,0.2176,4.032,2.3,3.538
32.80,34.07,34.08,0,-1.27052,0,|r_qp|,cross-domain,0.0000,0.0000,-6.243,-2.772,-4.378,0,-8.793,1.945,3.461,0.3623,0.1617
33.20,34.47,34.48,0,-0.79241,0,|r_qp|,cross-domain,0.0000,0.0000,-6.243,-2.772,-4.378,0,-8.793,3.281,3.605,4.933,46.98
33.60,34.87,34.88,0,-1.80069,0,|r_qp|,cross-domain,0.0000,0.0000,-6.243,-2.772,-4.378,0,-8.793,2.951,4.199,-1.129,1.26
34.00,35.27,35.28,0,-1.74901,0,|r_qp|,cross-domain,0.0000,0.0000,-6.243,-2.772,-4.378,0,-8.793,1.44,2.084,-1.325,-0.4117
34.40,35.67,35.68,0,-1.07801,0,|r_qp|,cross-domain,0.0000,0.0000,-6.243,-2.772,-4.378,0,-8.793,0.1879,1.224,4.154,49.72
34.80,36.07,36.08,0,-1.66410,0,|r_qp|,cross-domain,0.0000,0.0000,-6.243,-2.772,-4.378,0,-8.793,0.03004,0.639,-1.072,1.268
35.20,36.47,36.48,0,-1.58290,0,|r_qp|,cross-domain,0.0000,0.0000,-6.243,-2.772,-4.378,0,-8.793,0.2456,0.05122,-1.094,-0.6001
35.60,36.87,36.88,0,-1.15714,0,|r_qp|,cross-domain,0.0000,0.0000,-6.243,-2.772,-4.378,0,-8.793,0.7202,0.3369,3.705,50
36.00,37.27,37.28,0,-1.65200,0,|r_qp|,cross-domain,0.0000,0.0000,-6.243,-2.772,-4.378,0,-8.793,0.5562,0.7167,-1.113,0.7867
36.40,37.67,37.68,0,-1.60525,0,|r_qp|,cross-domain,0.0000,0.0000,-6.243,-2.772,-4.378,0,-8.793,0.5119,0.2342,-1.155,-0.5815
36.80,38.07,38.08,0,-1.03205,0,|r_qp|,cross-domain,0.0000,0.0000,-6.243,-2.772,-4.378,0,-8.793,0.315,0.2023,4.101,50
37.20,38.47,38.48,0,-1.58356,0,|r_qp|,cross-domain,0.0000,0.0000,-6.243,-2.772,-4.378,0,-8.793,0.08736,0.5549,-0.8905,0.714
37.60,38.87,38.88,0,-1.63267,0,|r_qp|,cross-domain,0.0000,0.0000,-6.243,-2.772,-4.378,0,-8.793,0.2,0.1186,-1.237,-0.7621
38.00,39.27,39.28,0,-1.45264,0,|r_qp|,cross-domain,0.0000,0.0000,-6.243,-2.772,-4.378,0,-8.793,0.08277,-0.03435,2.816,50
38.40,39.67,39.68,0,-0.99699,0,|r_qp|,cross-domain,0.0000,0.0000,-6.243,-2.772,-4.378,0,-8.793,0.2281,0.5128,0.999,2.837
38.80,40.07,40.08,0,-1.47276,0,|r_qp|,cross-domain,0.0000,0.0000,-6.243,-2.772,-4.378,0,-8.793,0.1113,0.2883,-0.6579,0.03512
39.20,40.47,40.48,0,-0.84594,0,|r_qp|,cross-domain,0.0000,0.0000,-6.243,-2.772,-4.378,0,-8.793,1.007,0.142,4.193,44.54
39.60,40.87,40.88,0,-1.18188,0,|r_qp|,cross-domain,0.0000,0.0000,-6.243,-2.772,-4.378,0,-8.793,1.767,1.482,0.3939,1.951
40.00,41.27,41.28,0,-1.35424,0,|r_qp|,cross-domain,0.0000,0.0000,-6.243,-2.772,-4.378,0,-8.793,2.53,1.178,-0.4138,-0.1326
40.40,41.67,41.68,0,-0.94598,0,|r_qp|,cross-domain,0.0000,0.0000,-6.243,-2.772,-4.378,0,-8.793,3.003,1.404,4.12,47.56
40.80,42.07,42.08,0,-1.58374,0,|r_qp|,cross-domain,0.0000,0.0000,-6.243,-2.772,-4.378,0,-8.793,2.456,2.283,-0.8259,0.7113
41.20,42.47,42.48,0,-1.61548,0,|r_qp|,cross-domain,0.0000,0.0000,-6.243,-2.772,-4.378,0,-8.793,1.817,0.9437,-1.179,-0.3304
41.60,42.87,42.88,0,-1.11191,0,|r_qp|,cross-domain,0.0000,0.0000,-6.243,-2.772,-4.378,0,-8.793,0.6611,0.908,3.958,50
42.00,43.27,43.28,0,-1.54349,0,|r_qp|,cross-domain,0.0000,0.0000,-6.243,-2.772,-4.378,0,-8.793,0.1111,1.119,-0.5849,1.856
42.40,43.67,43.68,0,-1.46895,0,|r_qp|,cross-domain,0.0000,0.0000,-6.243,-2.772,-4.378,0,-8.793,0.05212,0.6986,-0.5538,0.14
42.80,44.07,44.08,0,-1.04367,0,|r_qp|,cross-domain,0.0000,0.0000,-6.243,-2.772,-4.378,0,-8.793,0.8556,0.4714,3.709,44.99
43.20,44.47,44.48,0,-1.11021,0,|r_qp|,cross-domain,0.0000,0.0000,-6.243,-2.772,-4.378,0,-8.793,1.983,1.009,0.4373,1.127
43.60,44.87,44.88,0,-1.12846,0,|r_qp|,cross-domain,0.0000,0.0000,-6.243,-2.772,-4.378,0,-8.793,3.607,0.2662,-0.07802,-0.8213
44.00,45.27,45.28,0,-0.49144,0,|r_qp|,cross-domain,0.0000,0.0000,-6.243,-2.772,-4.378,0,-8.793,4.654,0.2687,5.254,50
44.40,45.67,45.68,0,-1.18806,0,|r_qp|,cross-domain,0.0000,0.0000,-6.243,-2.772,-4.378,0,-8.793,3.985,0.6482,-0.09648,1.051
44.80,46.07,46.08,0,-1.44629,0,|r_qp|,cross-domain,0.0000,0.0000,-6.243,-2.772,-4.378,0,-8.793,1.476,0.729,-0.6387,0.1547
45.20,46.47,46.48,0,-1.40057,0,|r_qp|,cross-domain,0.0000,0.0000,-6.243,-2.772,-4.378,0,-8.793,-0.639,1.15,3.075,47.04
45.60,46.87,46.88,0,-1.73956,0,|r_qp|,cross-domain,0.0000,0.0000,-6.243,-2.772,-4.378,0,-8.793,-1.045,2.409,-0.9263,0.007664
46.00,47.27,47.28,0,-1.62492,0,|r_qp|,cross-domain,0.0000,0.0000,-6.243,-2.772,-4.378,0,-8.793,0.1629,0.9684,-1.051,-0.8182
46.40,47.67,47.68,0,-1.23579,0,|r_qp|,cross-domain,0.0000,0.0000,-6.243,-2.772,-4.378,0,-8.793,1.154,0.4396,3.439,50
46.80,48.07,48.08,0,-1.25186,0,|r_qp|,cross-domain,0.0000,0.0000,-6.243,-2.772,-4.378,0,-8.793,1.386,0.08987,-0.06654,1.585
47.20,48.47,48.48,0,-1.42164,0,|r_qp|,cross-domain,0.0000,0.0000,-6.243,-2.772,-4.378,0,-8.793,1.714,-0.232,-0.8206,-0.493
47.60,48.87,48.88,0,-0.78568,0,|r_qp|,cross-domain,0.0000,0.0000,-6.243,-2.772,-4.378,0,-8.793,2.087,-0.1265,4.581,50
48.00,49.27,49.28,0,-1.28837,0,|r_qp|,cross-domain,0.0000,0.0000,-6.243,-2.772,-4.378,0,-8.793,2.064,0.9416,-0.08866,1.593
48.40,49.67,49.68,0,-1.63271,0,|r_qp|,cross-domain,0.0000,0.0000,-6.243,-2.772,-4.378,0,-8.793,0.9057,0.3763,-1.232,-0.2494
48.80,50.07,50.08,0,-1.39368,0,|r_qp|,cross-domain,0.0000,0.0000,-6.243,-2.772,-4.378,0,-8.793,-0.1847,0.5512,2.895,46.54
49.20,50.47,50.48,0,-1.62460,0,|r_qp|,cross-domain,0.0000,0.0000,-6.243,-2.772,-4.378,0,-8.793,-0.3797,0.6559,-0.8964,1.373
49.60,50.87,50.88,0,-1.57951,0,|r_qp|,cross-domain,0.0000,0.0000,-6.243,-2.772,-4.378,0,-8.793,0.4279,0.04064,-1.108,-0.6171
50.00,51.27,51.28,0,-1.31547,0,|r_qp|,cross-domain,0.0000,0.0000,-6.243,-2.772,-4.378,0,-8.793,1.361,-0.09922,3.073,50
50.40,51.67,51.68,0,-1.46955,0,|r_qp|,cross-domain,0.0000,0.0000,-6.243,-2.772,-4.378,0,-8.793,1.589,0.365,-0.7256,1.1
50.80,52.07,52.08,0,-1.46444,0,|r_qp|,cross-domain,0.0000,0.0000,-6.243,-2.772,-4.378,0,-8.793,1.744,0.0667,-0.917,-0.8002
51.20,52.47,52.48,0,-1.57165,0,|r_qp|,cross-domain,0.0000,0.0000,-6.243,-2.772,-4.378,0,-8.793,1.961,0.1887,2.289,50
51.60,52.87,52.88,0,-1.50916,0,|r_qp|,cross-domain,0.0000,0.0000,-6.243,-2.772,-4.378,0,-8.793,1.901,0.6076,-0.8968,0.1874
52.00,53.27,53.28,0,-1.48112,0,|r_qp|,cross-domain,0.0000,0.0000,-6.243,-2.772,-4.378,0,-8.793,1.346,0.1643,-0.8622,-0.2038
52.40,53.67,53.68,0,-1.35148,0,|r_qp|,cross-domain,0.0000,0.0000,-6.243,-2.772,-4.378,0,-8.793,0.8822,0.1114,3.059,50
52.80,54.07,54.08,0,-1.65150,0,|r_qp|,cross-domain,0.0000,0.0000,-6.243,-2.772,-4.378,0,-8.793,0.5092,0.5421,-1.149,0.6526
53.20,54.47,54.48,0,-1.69992,0,|r_qp|,cross-domain,0.0000,0.0000,-6.243,-2.772,-4.378,0,-8.793,0.01719,0.03504,-1.408,-0.3659
53.60,54.87,54.88,0,-1.22967,0,|r_qp|,cross-domain,0.0000,0.0000,-6.243,-2.772,-4.378,0,-8.793,-0.6577,0.1036,3.597,50
54.00,55.27,55.28,0,-1.50642,0,|r_qp|,cross-domain,0.0000,0.0000,-6.243,-2.772,-4.378,0,-8.793,-0.64,0.5493,-0.5708,0.812
54.40,55.67,55.68,0,-1.38930,0,|r_qp|,cross-domain,0.0000,0.0000,-6.243,-2.772,-4.378,0,-8.793,0.6288,-0.1492,-0.6135,-0.8965
54.80,56.07,56.08,0,-1.61229,0,|r_qp|,cross-domain,0.0000,0.0000,-6.243,-2.772,-4.378,0,-8.793,1.738,-0.5327,2.054,50
55.20,56.47,56.48,0,-1.48507,0,|r_qp|,cross-domain,0.0000,0.0000,-6.243,-2.772,-4.378,0,-8.793,1.848,0.04953,-0.8838,0.7862
55.60,56.87,56.88,0,-1.51589,0,|r_qp|,cross-domain,0.0000,0.0000,-6.243,-2.772,-4.378,0,-8.793,1.035,-0.2721,-1.016,-0.2145
56.00,57.27,57.28,0,-1.09463,0,|r_qp|,cross-domain,0.0000,0.0000,-6.243,-2.772,-4.378,0,-8.793,0.1332,-0.1523,3.865,50
56.40,57.67,57.68,0,-1.64347,0,|r_qp|,cross-domain,0.0000,0.0000,-6.243,-2.772,-4.378,0,-8.793,0.1291,0.4362,-1.116,0.4551
56.80,58.07,58.08,0,-1.62764,0,|r_qp|,cross-domain,0.0000,0.0000,-6.243,-2.772,-4.378,0,-8.793,0.2109,-0.03927,-1.25,-0.709
57.20,58.47,58.48,0,-1.26810,0,|r_qp|,cross-domain,0.0000,0.0000,-6.243,-2.772,-4.378,0,-8.793,0.7678,0.03499,3.308,50
57.60,58.87,58.88,0,-1.33103,0,|r_qp|,cross-domain,0.0000,0.0000,-6.243,-2.772,-4.378,0,-8.793,1.212,0.2221,-0.3083,0.888
58.00,59.27,59.28,0,-1.28921,0,|r_qp|,cross-domain,0.0000,0.0000,-6.243,-2.772,-4.378,0,-8.793,2.335,-0.1926,-0.5018,-0.7464
58.40,59.67,59.68,0,-0.85696,0,|r_qp|,cross-domain,0.0000,0.0000,-6.243,-2.772,-4.378,0,-8.793,3.155,-0.07146,4.257,50
58.80,60.07,60.08,0,13.51933,1,e_rec,cross-domain,0.0547,0.0000,-6.243,-2.772,-4.378,50,-8.793,11.05,10.53,50,50
59.20,60.47,60.48,0,11.45444,1,e_rec,cross-domain,0.3672,0.0000,-6.243,-2.772,-4.378,50,-8.793,50,26.51,50,50
59.60,60.87,60.88,0,8.30362,1,e_rec,cross-domain,0.6797,0.0000,-6.243,-2.772,-4.378,50,-8.793,50,36.72,50,50
60.00,61.27,61.28,0,4.95759,1,e_rec,cross-domain,0.9922,0.0000,-6.243,-2.772,-4.378,50,-8.793,50,50,50,50
60.40,61.67,61.68,0,4.89509,1,e_rec,cross-domain,1.0000,0.0000,-6.243,-2.772,-4.378,50,-8.793,50,50,50,50
60.80,62.07,62.08,0,5.84759,1,e_rec,cross-domain,1.0000,0.0000,-6.243,-2.772,-4.378,50,-8.793,50,41.41,50,32.46
61.20,62.47,62.48,0,5.01300,1,e_rec,cross-domain,1.0000,0.0000,-6.243,-2.772,-4.378,50,-8.793,50,48.15,50,50
61.60,62.87,62.88,0,4.94626,1,e_rec,cross-domain,1.0000,0.0000,-6.243,-2.772,-4.378,50,-8.793,50,50,50,47.78
62.00,63.27,63.28,0,4.89509,1,e_rec,cross-domain,1.0000,0.0000,-6.243,-2.772,-4.378,50,-8.793,50,50,50,50
62.40,63.67,63.68,0,4.89509,1,e_rec,cross-domain,1.0000,0.0000,-6.243,-2.772,-4.378,0,-8.793,50,50,50,50
62.80,64.07,64.08,0,-5.47392,0,e_rec,cross-domain,1.0000,0.0000,-6.243,-2.772,-4.378,0,-8.793,50,25.77,14.14,50
63.20,64.47,64.48,0,6.88350,1,e_rec,cross-domain,1.0000,0.0000,-6.243,-2.772,-4.378,0,-8.793,50,18.8,50,50
63.60,64.87,64.88,0,8.22957,1,e_rec,cross-domain,1.0000,0.0000,-6.243,-2.772,-4.378,0,-8.793,50,10.36,50,14.97
64.00,65.27,65.28,0,8.53556,1,e_rec,cross-domain,1.0000,0.0000,-6.243,-2.772,-4.378,0,-8.793,50,6.571,50,12.19
64.40,65.67,65.68,0,-3.37516,0,|r_qp|,cross-domain,0.7719,0.0000,-6.243,-2.772,-4.378,0,-8.793,50,6.513,9.436,23.68
64.80,66.07,66.08,0,4.19408,1,e_rec,cross-domain,0.7094,0.0000,-6.243,-2.772,-4.378,0,-8.793,45.32,9.349,31.03,12.77
65.20,66.47,66.48,0,-5.88424,0,|r_qp|,cross-domain,0.5906,0.0000,-6.243,-2.772,-4.378,0,-8.793,25.77,9.513,-0.2031,9.025
65.60,66.87,66.88,0,-3.72581,0,|r_qp|,cross-domain,0.4500,0.0000,-6.243,-2.772,-4.378,0,-8.793,17.24,7.482,3.847,14.35
66.00,67.27,67.28,0,-3.20049,0,|r_qp|,cross-domain,0.2438,0.0000,-6.243,-2.772,-4.378,0,-8.793,9.466,5.591,0.9634,14.22
66.40,67.67,67.68,0,-1.74370,0,|r_qp|,cross-domain,0.0000,0.0000,-6.243,-2.772,-4.378,0,-8.793,1.287,6.815,-0.02498,4.763
66.80,68.07,68.08,-1,13.57340,1,e_rec,cross-domain,0.0000,0.0000,-6.243,-2.772,-4.378,0,-8.793,1.735,11.09,50,50
67.20,68.47,68.48,1,14.13044,1,e_rec,cross-domain,0.0000,0.0000,-6.243,-2.772,-4.378,0,-8.793,9.102,15.59,50,25.34
67.60,68.87,68.88,1,14.31624,1,e_rec,cross-domain,0.0000,0.0000,-6.243,-2.772,-4.378,0,-8.793,19.25,15.44,48.29,9.502
68.00,69.27,69.28,1,14.13921,1,e_rec,cross-domain,0.0000,0.0000,-6.243,-2.772,-4.378,0,-8.793,26.18,16.53,50,50
68.40,69.67,69.68,1,15.11892,1,e_rec,cross-domain,0.0000,0.0000,-6.243,-2.772,-4.378,0,-8.793,31.19,14.26,50,21.92
68.80,70.07,70.08,1,15.60448,1,e_rec,cross-domain,0.0000,0.0000,-6.243,-2.772,-4.378,0,-8.793,32.06,13.02,50,5.707
69.20,70.47,70.48,1,14.55591,1,e_rec,cross-domain,0.0000,0.0000,-6.243,-2.772,-4.378,0,-8.793,30.88,12.74,50,50
69.60,70.87,70.88,1,14.16494,1,e_rec,cross-domain,0.0000,0.0000,-6.243,-2.772,-4.378,0,-8.793,30.82,10.75,46.6,23.45
70.00,71.27,71.28,1,15.14870,1,e_rec,cross-domain,0.0000,0.0000,-6.243,-2.772,-4.378,0,-8.793,29.46,12.42,49.25,12.17
70.40,71.67,71.68,1,14.22315,1,e_rec,cross-domain,0.0000,0.0000,-6.243,-2.772,-4.378,0,-8.793,27.33,15.89,50,50
70.80,72.07,72.08,1,13.22690,1,e_rec,cross-domain,0.0000,0.0000,-6.243,-2.772,-4.378,0,-8.793,27.98,16.55,45.34,25.27
71.20,72.47,72.48,1,13.66193,1,e_rec,cross-domain,0.0000,0.0000,-6.243,-2.772,-4.378,0,-8.793,27.59,16.5,45.68,10.83
71.60,72.87,72.88,1,14.09406,1,e_rec,cross-domain,0.0000,0.0000,-6.243,-2.772,-4.378,0,-8.793,25.99,17.13,50,50
72.00,73.27,73.28,1,8.98497,1,e_rec,cross-domain,0.0000,0.0000,-6.243,-2.772,-4.378,0,-8.793,26.58,17.39,32.64,21.7
72.40,73.67,73.68,1,6.44679,1,e_rec,cross-domain,0.0000,0.0000,-6.243,-2.772,-4.378,0,-8.793,25.01,15.61,23.47,2.078
72.80,74.07,74.08,1,14.10101,1,e_rec,cross-domain,0.0000,0.0000,-6.243,-2.772,-4.378,0,-8.793,21.93,14.64,50,50
73.20,74.47,74.48,1,15.02647,1,e_rec,cross-domain,0.0000,0.0000,-6.243,-2.772,-4.378,0,-8.793,23.39,11.46,50,21.05
73.60,74.87,74.88,1,13.11462,1,e_rec,cross-domain,0.0000,0.0000,-6.243,-2.772,-4.378,0,-8.793,25.54,10.93,42.71,3.945
74.00,75.27,75.28,1,14.45049,1,e_rec,cross-domain,0.0000,0.0000,-6.243,-2.772,-4.378,0,-8.793,26.8,12,50,50
74.40,75.67,75.68,1,14.64921,1,e_rec,cross-domain,0.0000,0.0000,-6.243,-2.772,-4.378,0,-8.793,29.48,10.75,48.35,25.44
74.80,76.07,76.08,1,12.57796,1,e_rec,cross-domain,0.0000,0.0000,-6.243,-2.772,-4.378,0,-8.793,29.19,10.12,40.46,2.942
75.20,76.47,76.48,1,14.50373,1,e_rec,cross-domain,0.0000,0.0000,-6.243,-2.772,-4.378,0,-8.793,26.71,11.12,50,50
75.60,76.87,76.88,1,11.64536,1,e_rec,cross-domain,0.0000,0.0000,-6.243,-2.772,-4.378,0,-8.793,26.74,9.706,39.69,29.43
76.00,77.27,77.28,1,9.75913,1,e_rec,cross-domain,0.0000,0.0000,-6.243,-2.772,-4.378,0,-8.793,25.44,9.047,32.19,2.891
76.40,77.67,77.68,1,14.45219,1,e_rec,cross-domain,0.0000,0.0000,-6.243,-2.772,-4.378,0,-8.793,23.31,9.939,50,50
76.80,78.07,78.08,1,15.01792,1,e_rec,cross-domain,0.0000,0.0000,-6.243,-2.772,-4.378,0,-8.793,25.36,8.496,50,32.79
77.20,78.47,78.48,1,14.09217,1,e_rec,cross-domain,0.0000,0.0000,-6.243,-2.772,-4.378,0,-8.793,26.95,8.693,44.94,2.097
77.60,78.87,78.88,1,14.51472,1,e_rec,cross-domain,0.0000,0.0000,-6.243,-2.772,-4.378,0,-8.793,26.99,11.11,50,50
78.00,79.27,79.28,1,13.02904,1,e_rec,cross-domain,0.0000,0.0000,-6.243,-2.772,-4.378,0,-8.793,28.62,12.22,43.92,26.42
78.40,79.67,79.68,1,12.83375,1,e_rec,cross-domain,0.0000,0.0000,-6.243,-2.772,-4.378,0,-8.793,27.68,13.01,42.11,5.194
78.80,80.07,80.08,1,14.26055,1,e_rec,cross-domain,0.0000,0.0000,-6.243,-2.772,-4.378,0,-8.793,25.17,14.03,50,50
79.20,80.47,80.48,1,7.10488,1,e_rec,cross-domain,0.0000,0.0000,-6.243,-2.772,-4.378,0,-8.793,24.1,13.01,26.48,22.57
79.60,80.87,80.88,1,6.69336,1,e_rec,cross-domain,0.0000,0.0000,-6.243,-2.772,-4.378,0,-8.793,21.74,11.28,23.84,3.379
80.00,81.27,81.28,1,14.19973,1,e_rec,cross-domain,0.0000,0.0000,-6.243,-2.772,-4.378,0,-8.793,19.03,11.39,50,50
80.40,81.67,81.68,1,14.87187,1,e_rec,cross-domain,0.0000,0.0000,-6.243,-2.772,-4.378,0,-8.793,21.98,9.86,50,29.88
80.80,82.07,82.08,1,14.19029,1,e_rec,cross-domain,0.0000,0.0000,-6.243,-2.772,-4.378,0,-8.793,25.23,9.808,45.69,2.821
81.20,82.47,82.48,1,14.44039,1,e_rec,cross-domain,0.0000,0.0000,-6.243,-2.772,-4.378,0,-8.793,26.7,12.11,50,50
81.60,82.87,82.88,1,15.02240,1,e_rec,cross-domain,0.0000,0.0000,-6.243,-2.772,-4.378,0,-8.793,29.98,11.63,50,31.42
82.00,83.27,83.28,1,14.92214,1,e_rec,cross-domain,0.0000,0.0000,-6.243,-2.772,-4.378,0,-8.793,30.26,10.75,47.42,1.44
82.40,83.67,83.68,1,14.58749,1,e_rec,cross-domain,0.0000,0.0000,-6.243,-2.772,-4.378,0,-8.793,28.31,10.74,50,50
82.80,84.07,84.08,1,11.58839,1,e_rec,cross-domain,0.0000,0.0000,-6.243,-2.772,-4.378,0,-8.793,27.43,8.616,39.3,30.35
83.20,84.47,84.48,1,9.65522,1,e_rec,cross-domain,0.0000,0.0000,-6.243,-2.772,-4.378,0,-8.793,25.35,9.13,31.89,2.74
83.60,84.87,84.88,1,14.32040,1,e_rec,cross-domain,0.0000,0.0000,-6.243,-2.772,-4.378,0,-8.793,22.06,11.27,50,50
84.00,85.27,85.28,1,9.67722,1,e_rec,cross-domain,0.0000,0.0000,-6.243,-2.772,-4.378,0,-8.793,22.73,12.05,34.41,25.72
84.40,85.67,85.68,1,8.50004,1,e_rec,cross-domain,0.0000,0.0000,-6.243,-2.772,-4.378,0,-8.793,22.44,11.1,29.16,3.278
84.80,86.07,86.08,1,14.33763,1,e_rec,cross-domain,0.0000,0.0000,-6.243,-2.772,-4.378,0,-8.793,21.98,10.95,50,50
85.20,86.47,86.48,1,11.00013,1,e_rec,cross-domain,0.0000,0.0000,-6.243,-2.772,-4.378,0,-8.793,23.55,7.341,37.96,33.88
85.60,86.87,86.88,1,9.17809,1,e_rec,cross-domain,0.0000,0.0000,-6.243,-2.772,-4.378,0,-8.793,23.64,6.995,30.24,2.843
86.00,87.27,87.28,1,14.44697,1,e_rec,cross-domain,0.0000,0.0000,-6.243,-2.772,-4.378,0,-8.793,22.34,9.448,50,50
86.40,87.67,87.68,1,15.03921,1,e_rec,cross-domain,0.0000,0.0000,-6.243,-2.772,-4.378,0,-8.793,26.37,11.17,50,26.1
86.80,88.07,88.08,1,15.10255,1,e_rec,cross-domain,0.0000,0.0000,-6.243,-2.772,-4.378,0,-8.793,28.66,10.87,48.19,1.863
87.20,88.47,88.48,1,-0.63959,0,|r_qp|,cross-domain,0.0000,0.0000,-6.243,-2.772,-4.378,0,-8.793,27.92,10.56,1.422,10.48
87.60,88.87,88.88,-1,-1.14346,0,|r_qp|,cross-domain,0.0000,0.0000,-6.243,-2.772,-4.378,0,-8.793,19.56,4.369,-1.116,-0.6465
88.00,89.27,89.28,-1,-1.33719,0,|r_qp|,cross-domain,0.0000,0.0000,-6.243,-2.772,-4.378,0,-8.793,9.586,3.507,-0.7502,-0.732
88.40,89.67,89.68,-1,-1.26150,0,|r_qp|,cross-domain,0.0000,0.0000,-6.243,-2.772,-4.378,0,-8.793,1.786,4.131,1.329,11.57
88.80,90.07,90.08,-1,-1.42933,0,|r_qp|,cross-domain,0.0000,0.0000,-6.243,-2.772,-4.378,0,-8.793,1.75,2.797,-0.2772,-0.6427
89.20,90.47,90.48,-1,-1.56976,0,|r_qp|,cross-domain,0.0000,0.0000,-6.243,-2.772,-4.378,0,-8.793,1.898,2.913,-0.6987,-0.7078
89.60,90.87,90.88,-1,-1.72490,0,|r_qp|,cross-domain,0.0000,0.0000,-6.243,-2.772,-4.378,0,-8.793,2,3.584,0.1079,15.93
90.00,91.27,91.28,-1,-1.48560,0,|r_qp|,cross-domain,0.0000,0.0000,-6.243,-2.772,-4.378,0,-8.793,2.178,3.426,-0.3387,-0.1372
90.40,91.67,91.68,-1,-1.46657,0,|r_qp|,cross-domain,0.0000,0.0000,-6.243,-2.772,-4.378,0,-8.793,2.698,2.326,-0.5975,-0.8086
90.80,92.07,92.08,-1,-1.27182,0,|r_qp|,cross-domain,0.0000,0.0000,-6.243,-2.772,-4.378,0,-8.793,3.114,1.646,0.8015,13.44
91.20,92.47,92.48,-1,-1.60751,0,|r_qp|,cross-domain,0.0000,0.0000,-6.243,-2.772,-4.378,0,-8.793,2.827,2.363,-1.019,-0.6556
91.60,92.87,92.88,-1,-1.70093,0,|r_qp|,cross-domain,0.0000,0.0000,-6.243,-2.772,-4.378,0,-8.793,1.616,2.034,-1.237,-0.8021
92.00,93.27,93.28,-1,-1.50342,0,|r_qp|,cross-domain,0.0000,0.0000,-6.243,-2.772,-4.378,0,-8.793,0.5002,2.541,0.4731,12.05
92.40,93.67,93.68,-1,-1.57399,0,|r_qp|,cross-domain,0.0000,0.0000,-6.243,-2.772,-4.378,0,-8.793,0.3375,1.587,-0.747,-0.07999
92.80,94.07,94.08,-1,-1.59965,0,|r_qp|,cross-domain,0.0000,0.0000,-6.243,-2.772,-4.378,0,-8.793,0.978,1.491,-0.9673,-0.8387
93.20,94.47,94.48,-1,-0.99168,0,|r_qp|,cross-domain,0.0000,0.0000,-6.243,-2.772,-4.378,0,-8.793,2.255,2.077,1.76,12.52
93.60,94.87,94.88,-1,-1.08858,0,|r_qp|,cross-domain,0.0000,0.0000,-6.243,-2.772,-4.378,0,-8.793,3.464,2.782,0.5878,-0.1457
94.00,95.27,95.28,-1,-1.12190,0,|r_qp|,cross-domain,0.0000,0.0000,-6.243,-2.772,-4.378,0,-8.793,4.853,2.772,0.279,-0.8717
94.40,95.67,95.68,-1,-1.08272,0,|r_qp|,cross-domain,0.0000,0.0000,-6.243,-2.772,-4.378,0,-8.793,5.488,3.49,1.386,12.4
94.80,96.07,96.08,-1,-1.48859,0,|r_qp|,cross-domain,0.0000,0.0000,-6.243,-2.772,-4.378,0,-8.793,4.92,2.602,-0.8407,-0.5226
95.20,96.47,96.48,-1,-1.54193,0,|r_qp|,cross-domain,0.0000,0.0000,-6.243,-2.772,-4.378,0,-8.793,3.488,1.887,-1.002,-0.8692
95.60,96.87,96.88,-1,-1.30997,0,|r_qp|,cross-domain,0.0000,0.0000,-6.243,-2.772,-4.378,0,-8.793,2.084,1.976,0.8261,12.87
96.00,97.27,97.28,-1,-1.30611,0,|r_qp|,cross-domain,0.0000,0.0000,-6.243,-2.772,-4.378,0,-8.793,1.907,1.608,-0.1278,-0.2952
96.40,97.67,97.68,-1,-1.35345,0,|r_qp|,cross-domain,0.0000,0.0000,-6.243,-2.772,-4.378,0,-8.793,2.54,1.455,-0.406,-0.8011
96.80,98.07,98.08,-1,-1.22598,0,|r_qp|,cross-domain,0.0000,0.0000,-6.243,-2.772,-4.378,0,-8.793,3.452,2.551,1.27,16.25
97.20,98.47,98.48,-1,-1.33092,0,|r_qp|,cross-domain,0.0000,0.0000,-6.243,-2.772,-4.378,0,-8.793,3.935,2.106,-0.3077,0.09416
97.60,98.87,98.88,-1,-1.46801,0,|r_qp|,cross-domain,0.0000,0.0000,-6.243,-2.772,-4.378,0,-8.793,3.577,1.817,-0.7978,-0.7998
98.00,99.27,99.28,-1,-0.68679,0,|r_qp|,cross-domain,0.0000,0.0000,-6.243,-2.772,-4.378,0,-8.793,3.376,1.645,2.359,10.93
98.40,99.67,99.68,-1,-1.39777,0,|r_qp|,cross-domain,0.0000,0.0000,-6.243,-2.772,-4.378,0,-8.793,2.671,-0.5495,-0.9134,-0.438
98.80,100.07,100.08,-1,-1.50129,0,|r_qp|,cross-domain,0.0000,0.0000,-6.243,-2.772,-4.378,0,-8.793,2.088,-0.1869,-1.109,-0.7119
99.20,100.47,100.48,-1,-0.47329,0,|r_qp|,cross-domain,0.0000,0.0000,-6.243,-2.772,-4.378,0,-8.793,0.9697,0.8071,4.195,26.52
99.60,100.87,100.88,-1,-1.51870,0,|r_qp|,cross-domain,0.0000,0.0000,-6.243,-2.772,-4.378,0,-8.793,0.4884,-0.04351,-0.8921,0.1814
100.00,101.27,101.28,-1,-1.49999,0,|r_qp|,cross-domain,0.0000,0.0000,-6.243,-2.772,-4.378,0,-8.793,0.4947,-0.1954,-0.9346,-0.8108
100.40,101.67,101.68,-1,-0.35246,0,|r_qp|,cross-domain,0.0000,0.0000,-6.243,-2.772,-4.378,0,-8.793,0.9262,0.1996,4.441,26.43
100.80,102.07,102.08,-1,-1.14601,0,|r_qp|,cross-domain,0.0000,0.0000,-6.243,-2.772,-4.378,0,-8.793,1.564,-0.01961,0.1007,-0.004444
101.20,102.47,102.48,-1,-1.35172,0,|r_qp|,cross-domain,0.0000,0.0000,-6.243,-2.772,-4.378,0,-8.793,2.283,0.02481,-0.6213,-0.441
101.60,102.87,102.88,-1,-0.36667,0,|r_qp|,cross-domain,0.0000,0.0000,-6.243,-2.772,-4.378,0,-8.793,3.118,0.2895,4.49,31.06
102.00,103.27,103.28,-1,-1.49122,0,|r_qp|,cross-domain,0.0000,0.0000,-6.243,-2.772,-4.378,0,-8.793,3.048,-0.08184,-1.126,-0.132
102.40,103.67,103.68,-1,-1.55361,0,|r_qp|,cross-domain,0.0000,0.0000,-6.243,-2.772,-4.378,0,-8.793,1.668,-0.3854,-1.264,-0.8121
102.80,104.07,104.08,-1,-1.53090,0,|r_qp|,cross-domain,0.0000,0.0000,-6.243,-2.772,-4.378,0,-8.793,0.1863,-0.2858,1.48,35.03
103.20,104.47,104.48,-1,-1.58657,0,|r_qp|,cross-domain,0.0000,0.0000,-6.243,-2.772,-4.378,0,-8.793,-0.1996,-0.5261,-1.137,-0.1809
103.60,104.87,104.88,-1,-1.54080,0,|r_qp|,cross-domain,0.0000,0.0000,-6.243,-2.772,-4.378,0,-8.793,0.01537,-0.6204,-1.088,-0.8509
104.00,105.27,105.28,-1,-0.44498,0,|r_qp|,cross-domain,0.0000,0.0000,-6.243,-2.772,-4.378,0,-8.793,0.2293,-0.3955,4.2,27.5
104.40,105.67,105.68,-1,-1.57659,0,|r_qp|,cross-domain,0.0000,0.0000,-6.243,-2.772,-4.378,0,-8.793,-0.07913,-0.517,-1.135,-0.4141
104.80,106.07,106.08,-1,-1.58306,0,|r_qp|,cross-domain,0.0000,0.0000,-6.243,-2.772,-4.378,0,-8.793,-0.007967,-0.6884,-1.212,-0.6597
105.20,106.47,106.48,-1,0.02549,1,|r_qp|,cross-domain,0.0000,0.0000,-6.243,-2.772,-4.378,0,-8.793,0.2745,-0.4686,5.52,26.38
105.60,106.87,106.88,-1,-1.35129,0,|r_qp|,cross-domain,0.0000,0.0000,-6.243,-2.772,-4.378,0,-8.793,0.4421,-0.6772,-0.5454,-0.4076
106.00,107.27,107.28,-1,-1.58352,0,|r_qp|,cross-domain,0.0000,0.0000,-6.243,-2.772,-4.378,0,-8.793,0.6801,-0.2416,-1.203,-0.6317
106.40,107.67,107.68,-1,-0.58341,0,|r_qp|,cross-domain,0.0000,0.0000,-6.243,-2.772,-4.378,0,-8.793,0.4981,0.2102,3.893,27.84
106.80,108.07,108.08,-1,-1.27295,0,|r_qp|,cross-domain,0.0000,0.0000,-6.243,-2.772,-4.378,0,-8.793,0.8011,-0.1314,-0.1996,0.249
107.20,108.47,108.48,-1,-1.32151,0,|r_qp|,cross-domain,0.0000,0.0000,-6.243,-2.772,-4.378,0,-8.793,1.632,-0.5896,-0.5892,-0.6467
107.60,108.87,108.88,-1,-0.45619,0,|r_qp|,cross-domain,0.0000,0.0000,-6.243,-2.772,-4.378,0,-8.793,2.756,-0.432,4.378,34.73
108.00,109.27,109.28,-1,-1.07104,0,|r_qp|,cross-domain,0.0000,0.0000,-6.243,-2.772,-4.378,0,-8.793,3.411,-0.3838,0.05737,0.1166
108.40,109.67,109.68,-1,-1.13123,0,|r_qp|,cross-domain,0.0000,0.0000,-6.243,-2.772,-4.378,0,-8.793,3.672,-0.05577,-0.1518,-0.7698
108.80,110.07,110.08,-1,-1.26272,0,|r_qp|,cross-domain,0.0000,0.0000,-6.243,-2.772,-4.378,0,-8.793,3.873,1.061,2.299,37.44
109.20,110.47,110.48,-1,-1.56903,0,|r_qp|,cross-domain,0.0000,0.0000,-6.243,-2.772,-4.378,0,-8.793,3.358,1.269,-1.149,-0.3154
109.60,110.87,110.88,-1,-1.63012,0,|r_qp|,cross-domain,0.0000,0.0000,-6.243,-2.772,-4.378,0,-8.793,1.219,0.9877,-1.16,-0.5115
110.00,111.27,111.28,-1,-0.26071,1,|r_qp|,cross-domain,0.0000,0.0000,-6.243,-2.772,-4.378,0,-8.793,-0.5544,0.6183,4.986,26.76
110.40,111.67,111.68,-1,-1.22508,0,|r_qp|,cross-domain,0.0000,0.0000,-6.243,-2.772,-4.378,0,-8.793,-0.7163,0.075,0.1319,-0.07722
110.80,112.07,112.08,-1,-1.42362,0,|r_qp|,cross-domain,0.0000,0.0000,-6.243,-2.772,-4.378,0,-8.793,1.012,-0.1565,-0.7459,-0.6756
111.20,112.47,112.48,-1,-0.51799,0,|r_qp|,cross-domain,0.0000,0.0000,-6.243,-2.772,-4.378,0,-8.793,2.354,-0.2063,3.912,29.42
111.60,112.87,112.88,-1,-0.86527,0,|r_qp|,cross-domain,0.0000,0.0000,-6.243,-2.772,-4.378,0,-8.793,2.898,-0.2859,0.7853,0.5793
112.00,113.27,113.28,-1,-1.00027,0,|r_qp|,cross-domain,0.0000,0.0000,-6.243,-2.772,-4.378,0,-8.793,3.496,-0.367,0.1996,-0.8106
112.40,113.67,113.68,-1,-0.65572,0,|r_qp|,cross-domain,0.0000,0.0000,-6.243,-2.772,-4.378,0,-8.793,3.87,0.02207,3.435,30.35
112.80,114.07,114.08,-1,-1.24228,0,|r_qp|,cross-domain,0.0000,0.0000,-6.243,-2.772,-4.378,0,-8.793,3.548,-0.4242,-0.5231,-0.4844
113.20,114.47,114.48,-1,-1.57398,0,|r_qp|,cross-domain,0.0000,0.0000,-6.243,-2.772,-4.378,0,-8.793,1.297,-0.3761,-1.282,-0.8126
113.60,114.87,114.88,-1,-1.41492,0,|r_qp|,cross-domain,0.0000,0.0000,-6.243,-2.772,-4.378,0,-8.793,-0.5042,0.006318,1.911,34.28
114.00,115.27,115.28,-1,-1.42221,0,|r_qp|,cross-domain,0.0000,0.0000,-6.243,-2.772,-4.378,0,-8.793,-0.9154,0.1849,-0.4254,-0.1828
114.40,115.67,115.68,-1,-1.41623,0,|r_qp|,cross-domain,0.0000,0.0000,-6.243,-2.772,-4.378,0,-8.793,0.2404,0.3694,-0.5414,-0.751
114.80,116.07,116.08,-1,-1.91166,0,|r_qp|,cross-domain,0.0000,0.0000,-6.243,-2.772,-4.378,0,-8.793,1.043,1.387,0.9306,40.38
115.20,116.47,116.48,-1,-1.54505,0,|r_qp|,cross-domain,0.0000,0.0000,-6.243,-2.772,-4.378,0,-8.793,1.27,1.372,-0.7387,0.8884
115.60,116.87,116.88,-1,-1.40058,0,|r_qp|,cross-domain,0.0000,0.0000,-6.243,-2.772,-4.378,0,-8.793,1.304,0.9137,-0.5084,-0.7371
116.00,117.27,117.28,-1,0.22509,1,|r_qp|,cross-domain,0.0000,0.0000,-6.243,-2.772,-4.378,0,-8.793,2.1,0.34,6.103,26.85
116.40,117.67,117.68,-1,-1.44898,0,|r_qp|,cross-domain,0.0000,0.0000,-6.243,-2.772,-4.378,0,-8.793,2.565,-0.05492,-0.9364,-0.08802
116.80,118.07,118.08,-1,-1.51806,0,|r_qp|,cross-domain,0.0000,0.0000,-6.243,-2.772,-4.378,0,-8.793,2.282,0.1354,-1.113,-0.6163
117.20,118.47,118.48,-1,-1.34866,0,|r_qp|,cross-domain,0.0000,0.0000,-6.243,-2.772,-4.378,0,-8.793,1.251,1.006,2.049,33.47
117.60,118.87,118.88,-1,-1.41797,0,|r_qp|,cross-domain,0.0000,0.0000,-6.243,-2.772,-4.378,0,-8.793,0.6751,1.083,-0.3946,0.1674
118.00,119.27,119.28,0,-1.62802,0,|r_qp|,cross-domain,0.0000,0.0000,-6.243,-2.772,-4.378,0,-8.793,0.6707,0.6895,-1.171,-0.8213
118.40,119.67,119.68,0,-0.59400,0,|r_qp|,cross-domain,0.0000,0.0000,-6.243,-2.772,-4.378,0,-8.793,1.542,0.3524,4.01,31.28
118.80,120.07,120.08,0,-0.82607,0,|r_qp|,cross-domain,0.0000,0.0000,-6.243,-2.772,-4.378,0,-8.793,2.52,-0.09688,0.9547,0.1832
119.20,120.47,120.48,0,-1.15272,0,|r_qp|,cross-domain,0.0000,0.0000,-6.243,-2.772,-4.378,0,-8.793,3.829,-0.1756,-0.2461,-0.6096
119.60,120.87,120.88,0,-0.76354,0,|r_qp|,cross-domain,0.0000,0.0000,-6.243,-2.772,-4.378,0,-8.793,4.596,-0.03603,3.349,35.12
120.00,121.27,121.28,0,-1.32158,0,|r_qp|,cross-domain,0.0000,0.0000,-6.243,-2.772,-4.378,0,-8.793,3.854,-0.279,-0.7686,-0.4888
120.40,121.67,121.68,0,-1.48836,0,|r_qp|,cross-domain,0.0000,0.0000,-6.243,-2.772,-4.378,0,-8.793,1.597,-0.4799,-1.065,-0.6182
120.80,122.07,122.08,0,-0.92340,0,|r_qp|,cross-domain,0.0000,0.0000,-6.243,-2.772,-4.378,0,-8.793,-0.3903,-0.02269,3.253,32.57
121.20,122.47,122.48,0,-1.42377,0,|r_qp|,cross-domain,0.0000,0.0000,-6.243,-2.772,-4.378,0,-8.793,-0.7611,-0.08136,-0.4771,0.125
121.60,122.87,122.88,0,-1.46560,0,|r_qp|,cross-domain,0.0000,0.0000,-6.243,-2.772,-4.378,0,-8.793,0.7721,-0.1253,-0.8301,-0.5428
122.00,123.27,123.28,0,0.29942,1,|r_qp|,cross-domain,0.0000,0.0000,-6.243,-2.772,-4.378,0,-8.793,2.653,0.1105,6.272,27.58
122.40,123.67,123.68,0,-0.63566,0,|r_qp|,cross-domain,0.0000,0.0000,-6.243,-2.772,-4.378,0,-8.793,4.112,-0.1924,1.342,0.3457
122.80,124.07,124.08,0,-0.63541,0,|r_qp|,cross-domain,0.0000,0.0000,-6.243,-2.772,-4.378,0,-8.793,5.464,-0.3739,1.076,-0.806
123.20,124.47,124.48,0,-0.04595,1,|r_qp|,cross-domain,0.0000,0.0000,-6.243,-2.772,-4.378,0,-8.793,6.055,-0.01162,4.881,28.37
123.60,124.87,124.88,0,-1.37432,0,|r_qp|,cross-domain,0.0000,0.0000,-6.243,-2.772,-4.378,0,-8.793,4.957,-0.3162,-1.053,-0.4065
124.00,125.27,125.28,0,-1.35399,0,|r_qp|,cross-domain,0.0000,0.0000,-6.243,-2.772,-4.378,0,-8.793,2.594,0.6634,-0.5556,-0.6586
124.40,125.67,125.68,0,-1.44350,0,|r_qp|,cross-domain,0.0000,0.0000,-6.243,-2.772,-4.378,0,-8.793,0.6598,2.396,2.247,35.63
124.80,126.07,126.08,0,-1.50077,0,|r_qp|,cross-domain,0.0000,0.0000,-6.243,-2.772,-4.378,0,-8.793,0.4736,3.33,-0.2114,-0.1382
125.20,126.47,126.48,0,-1.52901,0,|r_qp|,cross-domain,0.0000,0.0000,-6.243,-2.772,-4.378,0,-8.793,1.492,4.426,-0.2441,-0.7633
125.60,126.87,126.88,0,-2.23082,0,|r_qp|,cross-domain,0.0000,0.0000,-6.243,-2.772,-4.378,0,-8.793,2.422,5.466,1.001,46.2
126.00,127.27,127.28,0,-1.24504,0,|r_qp|,cross-domain,0.0000,0.0000,-6.243,-2.772,-4.378,0,-8.793,2.834,5.31,0.7128,0.433
126.40,127.67,127.68,0,-1.32424,0,|r_qp|,cross-domain,0.0000,0.0000,-6.243,-2.772,-4.378,0,-8.793,3.437,4.955,0.2548,-0.7726
126.80,128.07,128.08,0,-1.13899,0,|r_qp|,cross-domain,0.0000,0.0000,-6.243,-2.772,-4.378,0,-8.793,4.197,4.474,3.164,35.62
127.20,128.47,128.48,0,-1.57939,0,|r_qp|,cross-domain,0.0000,0.0000,-6.243,-2.772,-4.378,0,-8.793,4.285,3.978,-0.7643,-0.314
127.60,128.87,128.88,0,-1.65060,0,|r_qp|,cross-domain,0.0000,0.0000,-6.243,-2.772,-4.378,0,-8.793,2.849,2.738,-1.085,-0.7471
128.00,129.27,129.28,0,-0.51221,0,|r_qp|,cross-domain,0.0000,0.0000,-6.243,-2.772,-4.378,0,-8.793,1.692,0.9777,4.574,34.36
128.40,129.67,129.68,0,-1.03037,0,|r_qp|,cross-domain,0.0000,0.0000,-6.243,-2.772,-4.378,0,-8.793,1.66,-0.2052,0.4161,0.1931
128.80,130.07,130.08,0,-0.96571,0,|r_qp|,cross-domain,0.0000,0.0000,-6.243,-2.772,-4.378,0,-8.793,3.217,1.263,0.6553,-0.7019
129.20,130.47,130.48,0,-1.70327,0,|r_qp|,cross-domain,0.0000,0.0000,-6.243,-2.772,-4.378,0,-8.793,4.471,3.532,1.411,37.89
129.60,130.87,130.88,0,-1.52439,0,|r_qp|,cross-domain,0.0000,0.0000,-6.243,-2.772,-4.378,0,-8.793,4.126,4.936,-0.3899,-0.2095
130.00,131.27,131.28,0,-1.50390,0,|r_qp|,cross-domain,0.0000,0.0000,-6.243,-2.772,-4.378,0,-8.793,3.295,4.936,-0.271,-0.7298
130.40,131.67,131.68,0,-2.28332,0,|r_qp|,cross-domain,0.0000,0.0000,-6.243,-2.772,-4.378,0,-8.793,2.329,4.786,0.4887,42.82
130.80,132.07,132.08,0,-1.70912,0,|r_qp|,cross-domain,0.0000,0.0000,-6.243,-2.772,-4.378,0,-8.793,2.097,3.81,-0.9364,-0.2458
131.20,132.47,132.48,0,-1.49264,0,|r_qp|,cross-domain,0.0000,0.0000,-6.243,-2.772,-4.378,0,-8.793,1.505,2.409,-0.5139,-0.6344
131.60,132.87,132.88,0,-1.81939,0,|r_qp|,cross-domain,0.0000,0.0000,-6.243,-2.772,-4.378,0,-8.793,0.8449,1.023,1.326,42.76
132.00,133.27,133.28,0,-1.49666,0,|r_qp|,cross-domain,0.0000,0.0000,-6.243,-2.772,-4.378,0,-8.793,0.7546,0.2411,-0.8167,-0.04405
132.40,133.67,133.68,0,-1.57181,0,|r_qp|,cross-domain,0.0000,0.0000,-6.243,-2.772,-4.378,0,-8.793,0.7198,0.08028,-1.104,-0.5302
132.80,134.07,134.08,0,-1.14044,0,|r_qp|,cross-domain,0.0000,0.0000,-6.243,-2.772,-4.378,0,-8.793,1.317,0.09982,2.484,33.32
133.20,134.47,134.48,0,-0.95445,0,|r_qp|,cross-domain,0.0000,0.0000,-6.243,-2.772,-4.378,0,-8.793,2.003,0.1946,0.6914,0.3153
133.60,134.87,134.88,0,-1.02433,0,|r_qp|,cross-domain,0.0000,0.0000,-6.243,-2.772,-4.378,0,-8.793,3.597,1.232,0.4379,-0.5915
134.00,135.27,135.28,0,-1.38513,0,|r_qp|,cross-domain,0.0000,0.0000,-6.243,-2.772,-4.378,0,-8.793,4.952,2.645,2.395,41.49
134.40,135.67,135.68,0,-1.50527,0,|r_qp|,cross-domain,0.0000,0.0000,-6.243,-2.772,-4.378,0,-8.793,4.674,3.075,-0.78,-0.6293
134.80,136.07,136.08,0,-1.75893,0,|r_qp|,cross-domain,0.0000,0.0000,-6.243,-2.772,-4.378,0,-8.793,2.174,2.294,-1.411,-0.6142
135.20,136.47,136.48,0,-0.85910,0,|r_qp|,cross-domain,0.0000,0.0000,-6.243,-2.772,-4.378,0,-8.793,-0.1342,1.396,3.369,27.95
135.60,136.87,136.88,0,-1.60422,0,|r_qp|,cross-domain,0.0000,0.0000,-6.243,-2.772,-4.378,0,-8.793,-1.075,0.1109,-0.953,0.05584
136.00,137.27,137.28,0,-1.62062,0,|r_qp|,cross-domain,0.0000,0.0000,-6.243,-2.772,-4.378,0,-8.793,-0.206,0.01508,-1.182,-0.8557
136.40,137.67,137.68,0,-1.65445,0,|r_qp|,cross-domain,0.0000,0.0000,-6.243,-2.772,-4.378,0,-8.793,0.4731,0.3025,1.397,38.02
136.80,138.07,138.08,0,-0.99834,0,|r_qp|,cross-domain,0.0000,0.0000,-6.243,-2.772,-4.378,0,-8.793,1.201,0.004125,0.6248,0.4878
137.20,138.47,138.48,0,-1.08163,0,|r_qp|,cross-domain,0.0000,0.0000,-6.243,-2.772,-4.378,0,-8.793,2.468,-0.261,0.08966,-0.8241
137.60,138.87,138.88,0,-0.94271,0,|r_qp|,cross-domain,0.0000,0.0000,-6.243,-2.772,-4.378,0,-8.793,4.352,-0.3156,3.109,39.81
138.00,139.27,139.28,0,-1.11507,0,|r_qp|,cross-domain,0.0000,0.0000,-6.243,-2.772,-4.378,0,-8.793,5.38,-0.2211,-0.2934,-0.2882
138.40,139.67,139.68,0,-0.97660,0,|r_qp|,cross-domain,0.0000,0.0000,-6.243,-2.772,-4.378,0,-8.793,4.921,1.325,0.4522,-0.5699
138.80,140.07,140.08,0,-1.12450,0,|r_qp|,cross-domain,0.0000,0.0000,-6.243,-2.772,-4.378,0,-8.793,3.625,3.514,3.059,35.21
139.20,140.47,140.48,0,-1.52233,0,|r_qp|,cross-domain,0.0000,0.0000,-6.243,-2.772,-4.378,0,-8.793,2.529,4.543,-0.2717,-0.09726
139.60,140.87,140.88,0,-1.56904,0,|r_qp|,cross-domain,0.0000,0.0000,-6.243,-2.772,-4.378,0,-8.793,2.197,4.505,-0.4328,-0.8233
140.00,141.27,141.28,0,-1.80363,0,|r_qp|,cross-domain,0.0000,0.0000,-6.243,-2.772,-4.378,0,-8.793,2.21,4.958,2.013,43.3
140.40,141.67,141.68,0,-1.35625,0,|r_qp|,cross-domain,0.0000,0.0000,-6.243,-2.772,-4.378,0,-8.793,2.547,4.369,0.2155,0.2294
140.80,142.07,142.08,0,-1.38987,0,|r_qp|,cross-domain,0.0000,0.0000,-6.243,-2.772,-4.378,0,-8.793,3.318,3.124,-0.2723,-0.6502
141.20,142.47,142.48,0,-0.05170,1,|r_qp|,cross-domain,0.0000,0.0000,-6.243,-2.772,-4.378,0,-8.793,3.756,1.397,5.362,27.93
141.60,142.87,142.88,0,-1.35821,0,|r_qp|,cross-domain,0.0000,0.0000,-6.243,-2.772,-4.378,0,-8.793,3.481,-0.1515,-0.7857,-0.1038
142.00,143.27,143.28,0,-1.46421,0,|r_qp|,cross-domain,0.0000,0.0000,-6.243,-2.772,-4.378,0,-8.793,1.929,-0.04496,-0.9603,-0.8266
142.40,143.67,143.68,0,-1.32700,0,|r_qp|,cross-domain,0.0000,0.0000,-6.243,-2.772,-4.378,0,-8.793,0.6588,0.09727,2.017,33.63
142.80,144.07,144.08,0,-1.21431,0,|r_qp|,cross-domain,0.0000,0.0000,-6.243,-2.772,-4.378,0,-8.793,0.6208,-0.1055,-0.02482,-0.1392
143.20,144.47,144.48,0,-1.45586,0,|r_qp|,cross-domain,0.0000,0.0000,-6.243,-2.772,-4.378,0,-8.793,1.367,-0.18,-0.8889,-0.6963
143.60,144.87,144.88,0,-1.18294,0,|r_qp|,cross-domain,0.0000,0.0000,-6.243,-2.772,-4.378,0,-8.793,2.519,0.1518,2.47,36.76
144.00,145.27,145.28,0,-0.89104,0,|r_qp|,cross-domain,0.0000,0.0000,-6.243,-2.772,-4.378,0,-8.793,3.007,0.4348,0.8084,0.2138
144.40,145.67,145.68,0,-1.06999,0,|r_qp|,cross-domain,0.0000,0.0000,-6.243,-2.772,-4.378,0,-8.793,4.092,1.519,0.2844,-0.8155
144.80,146.07,146.08,0,-0.84476,0,|r_qp|,cross-domain,0.0000,0.0000,-6.243,-2.772,-4.378,0,-8.793,5.062,3.109,3.639,34.88
145.20,146.47,146.48,0,-1.43182,0,|r_qp|,cross-domain,0.0000,0.0000,-6.243,-2.772,-4.378,0,-8.793,5.132,3.244,-0.5525,-0.2626
145.60,146.87,146.88,0,-1.36279,0,|r_qp|,cross-domain,0.0000,0.0000,-6.243,-2.772,-4.378,0,-8.793,4.114,3.371,-0.2337,-0.6627
146.00,147.27,147.28,0,-2.14624,0,|r_qp|,cross-domain,0.0000,0.0000,-6.243,-2.772,-4.378,0,-8.793,2.529,3.132,0.6585,44.21
146.40,147.67,147.68,0,-1.64427,0,|r_qp|,cross-domain,0.0000,0.0000,-6.243,-2.772,-4.378,0,-8.793,1.658,2.978,-0.8303,0.05818
146.80,148.07,148.08,0,-1.67328,0,|r_qp|,cross-domain,0.0000,0.0000,-6.243,-2.772,-4.378,0,-8.793,1.242,2.129,-1.09,-0.7441
147.20,148.47,148.48,0,0.14732,1,|r_qp|,cross-domain,0.0000,0.0000,-6.243,-2.772,-4.378,0,-8.793,1.689,1.252,6.093,26.9
147.60,148.87,148.88,0,-0.99634,0,|r_qp|,cross-domain,0.0000,0.0000,-6.243,-2.772,-4.378,0,-8.793,2.425,-0.02753,0.4654,0.1738
148.00,149.27,149.28,0,-1.05253,0,|r_qp|,cross-domain,0.0000,0.0000,-6.243,-2.772,-4.378,0,-8.793,3.604,-0.09227,0.08966,-0.7138
148.40,149.67,149.68,0,-1.09848,0,|r_qp|,cross-domain,0.0000,0.0000,-6.243,-2.772,-4.378,0,-8.793,4.222,0.07455,2.392,34.94
148.80,150.07,150.08,0,-1.17636,0,|r_qp|,cross-domain,0.0000,0.0000,-6.243,-2.772,-4.378,0,-8.793,3.614,-0.1846,-0.2753,-0.3291
149.20,150.47,150.48,0,-1.50063,0,|r_qp|,cross-domain,0.0000,0.0000,-6.243,-2.772,-4.378,0,-8.793,2.155,-0.09608,-1.082,-0.494
149.60,150.87,150.88,0,-1.98264,0,|r_qp|,cross-domain,0.0000,0.0000,-6.243,-2.772,-4.378,0,-8.793,0.811,0.06053,0.546,41.21
150.00,151.27,151.28,0,-1.38076,0,|r_qp|,cross-domain,0.0000,0.0000,-6.243,-2.772,-4.378,0,-8.793,0.4665,0.2561,-0.4484,-0.2717
150.40,151.67,151.68,0,-1.62681,0,|r_qp|,cross-domain,0.0000,0.0000,-6.243,-2.772,-4.378,0,-8.793,0.3172,0.06786,-1.24,-0.7242
150.80,152.07,152.08,0,-0.57402,0,|r_qp|,cross-domain,0.0000,0.0000,-6.243,-2.772,-4.378,0,-8.793,1.319,0.188,4.162,32.69
151.20,152.47,152.48,0,-0.60877,0,|r_qp|,cross-domain,0.0000,0.0000,-6.243,-2.772,-4.378,0,-8.793,2.461,-0.07463,1.618,0.1596
151.60,152.87,152.88,0,-0.73904,0,|r_qp|,cross-domain,0.0000,0.0000,-6.243,-2.772,-4.378,0,-8.793,4.516,-0.1454,0.9191,-0.737
152.00,153.27,153.28,0,-0.74475,0,|r_qp|,cross-domain,0.0000,0.0000,-6.243,-2.772,-4.378,0,-8.793,5.375,-0.006166,3.304,34.84
152.40,153.67,153.68,0,-1.17080,0,|r_qp|,cross-domain,0.0000,0.0000,-6.243,-2.772,-4.378,0,-8.793,4.621,-0.2702,-0.3794,-0.2053
152.80,154.07,154.08,0,-1.30892,0,|r_qp|,cross-domain,0.0000,0.0000,-6.243,-2.772,-4.378,0,-8.793,2.712,0.3056,-0.4997,-0.6284
153.20,154.47,154.48,0,-0.92087,0,|r_qp|,cross-domain,0.0000,0.0000,-6.243,-2.772,-4.378,0,-8.793,0.8737,1.927,3.366,30.74
153.60,154.87,154.88,0,-1.46302,0,|r_qp|,cross-domain,0.0000,0.0000,-6.243,-2.772,-4.378,0,-8.793,0.3545,2.775,-0.1833,-0.02877
154.00,155.27,155.28,0,-1.72028,0,|r_qp|,cross-domain,0.0000,0.0000,-6.243,-2.772,-4.378,0,-8.793,0.4944,1.996,-1.169,-0.6862
154.40,155.67,155.68,0,-1.10460,0,|r_qp|,cross-domain,0.0000,0.0000,-6.243,-2.772,-4.378,0,-8.793,1.432,0.9358,3.011,37.23
154.80,156.07,156.08,0,-0.58788,0,|r_qp|,cross-domain,0.0000,0.0000,-6.243,-2.772,-4.378,0,-8.793,2.679,-0.162,1.652,0.3441
155.20,156.47,156.48,0,-0.88159,0,|r_qp|,cross-domain,0.0000,0.0000,-6.243,-2.772,-4.378,0,-8.793,4.374,-0.4463,0.4603,-0.5614
155.60,156.87,156.88,0,-0.48611,0,|r_qp|,cross-domain,0.0000,0.0000,-6.243,-2.772,-4.378,0,-8.793,5.227,-0.161,3.841,31.55
156.00,157.27,157.28,0,-1.42511,0,|r_qp|,cross-domain,0.0000,0.0000,-6.243,-2.772,-4.378,0,-8.793,4.447,-0.2206,-1.116,-0.2011
156.40,157.67,157.68,0,-1.58418,0,|r_qp|,cross-domain,0.0000,0.0000,-6.243,-2.772,-4.378,0,-8.793,2.155,-0.2766,-1.385,-0.7358
156.80,158.07,158.08,0,-0.72157,0,|r_qp|,cross-domain,0.0000,0.0000,-6.243,-2.772,-4.378,0,-8.793,0.4452,0.1026,3.561,29.26
157.20,158.47,158.48,0,-1.17384,0,|r_qp|,cross-domain,0.0000,0.0000,-6.243,-2.772,-4.378,0,-8.793,0.4126,-0.2771,0.09459,-0.03695
157.60,158.87,158.88,0,-1.24392,0,|r_qp|,cross-domain,0.0000,0.0000,-6.243,-2.772,-4.378,0,-8.793,1.69,-0.1003,-0.2678,-0.6387
158.00,159.27,159.28,0,-0.93969,0,|r_qp|,cross-domain,0.0000,0.0000,-6.243,-2.772,-4.378,0,-8.793,3.281,0.08966,3.149,37.41
158.40,159.67,159.68,0,-1.03658,0,|r_qp|,cross-domain,0.0000,0.0000,-6.243,-2.772,-4.378,0,-8.793,4.149,-0.09357,0.1369,0.1603
158.80,160.07,160.08,0,-0.98988,0,|r_qp|,cross-domain,0.0000,0.0000,-6.243,-2.772,-4.378,0,-8.793,4.697,-0.4484,0.0959,-0.5878
159.20,160.47,160.48,0,-0.46712,0,|r_qp|,cross-domain,0.0000,0.0000,-6.243,-2.772,-4.378,0,-8.793,4.706,-0.00703,3.784,28.64
159.60,160.87,160.88,0,-1.39441,0,|r_qp|,cross-domain,0.0000,0.0000,-6.243,-2.772,-4.378,0,-8.793,3.861,-0.3126,-0.9787,-0.252
160.00,161.27,161.28,0,-1.45768,0,|r_qp|,cross-domain,0.0000,0.0000,-6.243,-2.772,-4.378,0,-8.793,2.589,-0.2679,-1.04,-0.572
160.40,161.67,161.68,0,-0.79682,0,|r_qp|,cross-domain,0.0000,0.0000,-6.243,-2.772,-4.378,0,-8.793,1.553,-0.04993,3.59,35.15
160.80,162.07,162.08,0,-1.25594,0,|r_qp|,cross-domain,0.0000,0.0000,-6.243,-2.772,-4.378,0,-8.793,1.587,-0.3228,-0.2918,-0.01576
161.20,162.47,162.48,0,-1.21604,0,|r_qp|,cross-domain,0.0000,0.0000,-6.243,-2.772,-4.378,0,-8.793,2.432,-0.403,-0.3307,-0.7163
161.60,162.87,162.88,0,-0.65969,0,|r_qp|,cross-domain,0.0000,0.0000,-6.243,-2.772,-4.378,0,-8.793,3.405,-0.1467,3.549,31.87
162.00,163.27,163.28,0,-0.63480,0,|r_qp|,cross-domain,0.0000,0.0000,-6.243,-2.772,-4.378,0,-8.793,4.233,-0.4874,1.277,0.389
162.40,163.67,163.68,0,-0.70577,0,|r_qp|,cross-domain,0.0000,0.0000,-6.243,-2.772,-4.378,0,-8.793,5.305,-0.4525,0.8755,-0.6827
162.80,164.07,164.08,0,-0.32651,0,|r_qp|,cross-domain,0.0000,0.0000,-6.243,-2.772,-4.378,0,-8.793,5.76,-0.08606,4.093,28.92
163.20,164.47,164.48,0,-1.33099,0,|r_qp|,cross-domain,0.0000,0.0000,-6.243,-2.772,-4.378,0,-8.793,4.854,-0.2075,-0.8905,-0.4162
163.60,164.87,164.88,0,-1.55547,0,|r_qp|,cross-domain,0.0000,0.0000,-6.243,-2.772,-4.378,0,-8.793,2.343,-0.146,-1.283,-0.5681
164.00,165.27,165.28,0,-2.09027,0,|r_qp|,cross-domain,0.0000,0.0000,-6.243,-2.772,-4.378,0,-8.793,0.06614,-0.2668,0.3043,42.09
164.40,165.67,165.68,0,-1.57197,0,|r_qp|,cross-domain,0.0000,0.0000,-6.243,-2.772,-4.378,0,-8.793,-0.5849,-0.3767,-0.9697,0.5568
164.80,166.07,166.08,0,-1.62890,0,|r_qp|,cross-domain,0.0000,0.0000,-6.243,-2.772,-4.378,0,-8.793,-0.8097,-0.7083,-1.274,-0.8026
165.20,166.47,166.48,0,-0.08639,1,|r_qp|,cross-domain,0.0000,0.0000,-6.243,-2.772,-4.378,0,-8.793,0.06815,-0.4622,5.236,26.8
165.60,166.87,166.88,0,-0.77036,0,|r_qp|,cross-domain,0.0000,0.0000,-6.243,-2.772,-4.378,0,-8.793,1.019,-0.4693,1.223,0.2288
166.00,167.27,167.28,0,-0.89889,0,|r_qp|,cross-domain,0.0000,0.0000,-6.243,-2.772,-4.378,0,-8.793,3.292,-0.2753,0.5524,-0.71
166.40,167.67,167.68,0,-0.96511,0,|r_qp|,cross-domain,0.0000,0.0000,-6.243,-2.772,-4.378,0,-8.793,4.657,0.2764,2.736,34.27
166.80,168.07,168.08,0,-1.46727,0,|r_qp|,cross-domain,0.0000,0.0000,-6.243,-2.772,-4.378,0,-8.793,4.131,-0.03104,-1.164,-0.09926
167.20,168.47,168.48,0,-1.56728,0,|r_qp|,cross-domain,0.0000,0.0000,-6.243,-2.772,-4.378,0,-8.793,1.644,-0.4744,-1.322,-0.8472
167.60,168.87,168.88,0,-0.25813,1,|r_qp|,cross-domain,0.0000,0.0000,-6.243,-2.772,-4.378,0,-8.793,-0.5103,-0.316,4.657,24.56
168.00,169.27,169.28,0,-1.49627,0,|r_qp|,cross-domain,0.0000,0.0000,-6.243,-2.772,-4.378,0,-8.793,-0.9668,-0.3907,-0.7688,-0.411
168.40,169.67,169.68,0,-1.59425,0,|r_qp|,cross-domain,0.0000,0.0000,-6.243,-2.772,-4.378,0,-8.793,-0.221,-0.3512,-1.163,-0.7361
168.80,170.07,170.08,0,-1.44487,0,|r_qp|,cross-domain,0.0000,0.0000,-6.243,-2.772,-4.378,0,-8.793,1.027,-0.1808,1.635,34.61
169.20,170.47,170.48,0,-1.31470,0,|r_qp|,cross-domain,0.0000,0.0000,-6.243,-2.772,-4.378,0,-8.793,1.689,-0.3825,-0.4615,0.4187
169.60,170.87,170.88,0,-1.31136,0,|r_qp|,cross-domain,0.0000,0.0000,-6.243,-2.772,-4.378,0,-8.793,2.539,-0.7274,-0.7037,-0.8869
170.00,171.27,171.28,0,-0.08801,1,|r_qp|,cross-domain,0.0000,0.0000,-6.243,-2.772,-4.378,0,-8.793,2.986,-0.4219,4.961,27.51
170.40,171.67,171.68,0,-1.45043,0,|r_qp|,cross-domain,0.0000,0.0000,-6.243,-2.772,-4.378,0,-8.793,2.573,-0.621,-1.069,-0.3573
170.80,172.07,172.08,0,-1.45742,0,|r_qp|,cross-domain,0.0000,0.0000,-6.243,-2.772,-4.378,0,-8.793,1.477,-0.5458,-0.9856,-0.8332
171.20,172.47,172.48,0,-0.08749,1,|r_qp|,cross-domain,0.0000,0.0000,-6.243,-2.772,-4.378,0,-8.793,0.2254,-0.1942,5.163,25.31
171.60,172.87,172.88,0,-1.41612,0,|r_qp|,cross-domain,0.0000,0.0000,-6.243,-2.772,-4.378,0,-8.793,-0.118,-0.4997,-0.5907,0.3531
172.00,173.27,173.28,0,-1.48225,0,|r_qp|,cross-domain,0.0000,0.0000,-6.243,-2.772,-4.378,0,-8.793,0.6353,-0.6382,-0.9837,-0.836
172.40,173.67,173.68,0,-0.80388,0,|r_qp|,cross-domain,0.0000,0.0000,-6.243,-2.772,-4.378,0,-8.793,1.583,-0.3594,3.365,33.12
172.80,174.07,174.08,0,-1.15162,0,|r_qp|,cross-domain,0.0000,0.0000,-6.243,-2.772,-4.378,0,-8.793,2.381,-0.5092,-0.01263,1.281
173.20,174.47,174.48,0,-1.31952,0,|r_qp|,cross-domain,0.0000,0.0000,-6.243,-2.772,-4.378,0,-8.793,2.789,-0.351,-0.6802,-0.8283
173.60,174.87,174.88,0,0.72281,1,|r_qp|,cross-domain,0.0000,0.0000,-6.243,-2.772,-4.378,0,-8.793,3.497,0.02736,7.251,24.93
174.00,175.27,175.28,0,-1.45767,0,|r_qp|,cross-domain,0.0000,0.0000,-6.243,-2.772,-4.378,0,-8.793,3.392,-0.1243,-1.08,-0.2488
174.40,175.67,175.68,0,-1.56576,0,|r_qp|,cross-domain,0.0000,0.0000,-6.243,-2.772,-4.378,0,-8.793,2.221,-0.1378,-1.301,-0.5978
174.80,176.07,176.08,0,-0.78937,0,|r_qp|,cross-domain,0.0000,0.0000,-6.243,-2.772,-4.378,0,-8.793,1.216,0.3236,3.35,29.79
175.20,176.47,176.48,0,-1.14972,0,|r_qp|,cross-domain,0.0000,0.0000,-6.243,-2.772,-4.378,0,-8.793,0.855,0.1101,0.2008,0.09182
175.60,176.87,176.88,0,-1.30840,0,|r_qp|,cross-domain,0.0000,0.0000,-6.243,-2.772,-4.378,0,-8.793,1.895,0.01659,-0.4775,-0.8537
176.00,177.27,177.28,0,-1.24747,0,|r_qp|,cross-domain,0.0000,0.0000,-6.243,-2.772,-4.378,0,-8.793,2.695,0.2505,2.205,35.75
176.40,177.67,177.68,0,-1.08780,0,|r_qp|,cross-domain,0.0000,0.0000,-6.243,-2.772,-4.378,0,-8.793,3.207,-0.3036,0.07872,0.5979
176.80,178.07,178.08,0,-1.12770,0,|r_qp|,cross-domain,0.0000,0.0000,-6.243,-2.772,-4.378,0,-8.793,3.641,-0.6423,-0.2568,-0.8647
177.20,178.47,178.48,0,0.05593,1,|r_qp|,cross-domain,0.0000,0.0000,-6.243,-2.772,-4.378,0,-8.793,3.924,-0.6211,5.059,24.76
177.60,178.87,178.88,0,-1.42438,0,|r_qp|,cross-domain,0.0000,0.0000,-6.243,-2.772,-4.378,0,-8.793,3.349,-0.7111,-1.073,-0.03391
178.00,179.27,179.28,0,-1.50763,0,|r_qp|,cross-domain,0.0000,0.0000,-6.243,-2.772,-4.378,0,-8.793,1.662,-0.7715,-1.2,-0.8209
178.40,179.67,179.68,0,-0.79119,0,|r_qp|,cross-domain,0.0000,0.0000,-6.243,-2.772,-4.378,0,-8.793,0.0122,-0.4646,3.307,29.49
178.80,180.07,180.08,0,-1.50087,0,|r_qp|,cross-domain,0.0000,0.0000,-6.243,-2.772,-4.378,0,-8.793,-0.2711,-0.6965,-0.8791,0.1706
179.20,180.47,180.48,0,-1.48424,0,|r_qp|,cross-domain,0.0000,0.0000,-6.243,-2.772,-4.378,0,-8.793,0.3545,-0.5534,-0.9403,-0.8139
179.60,180.87,180.88,0,-0.21476,1,|r_qp|,cross-domain,0.0000,0.0000,-6.243,-2.772,-4.378,0,-8.793,1.43,0.07322,4.857,27.62
180.00,181.27,181.28,0,-1.24477,0,|r_qp|,cross-domain,0.0000,0.0000,-6.243,-2.772,-4.378,0,-8.793,2.041,-0.1128,-0.2251,0.6142
180.40,181.67,181.68,0,-1.23177,0,|r_qp|,cross-domain,0.0000,0.0000,-6.243,-2.772,-4.378,0,-8.793,2.816,-0.3536,-0.4242,-0.8949
180.80,182.07,182.08,0,0.02064,1,|r_qp|,cross-domain,0.0000,0.0000,-6.243,-2.772,-4.378,0,-8.793,3.293,-0.2372,5.243,26.84
181.20,182.47,182.48,0,-1.37799,0,|r_qp|,cross-domain,0.0000,0.0000,-6.243,-2.772,-4.378,0,-8.793,3.098,-0.4033,-0.8319,0.1659
181.60,182.87,182.88,0,-1.43436,0,|r_qp|,cross-domain,0.0000,0.0000,-6.243,-2.772,-4.378,0,-8.793,2.282,-0.3066,-0.9621,-0.8534
182.00,183.27,183.28,0,-1.08799,0,|r_qp|,cross-domain,0.0000,0.0000,-6.243,-2.772,-4.378,0,-8.793,1.346,0.08951,2.594,32.71
182.40,183.67,183.68,0,-1.47945,0,|r_qp|,cross-domain,0.0000,0.0000,-6.243,-2.772,-4.378,0,-8.793,1.029,-0.382,-0.8793,0.4747
182.80,184.07,184.08,0,-1.50188,0,|r_qp|,cross-domain,0.0000,0.0000,-6.243,-2.772,-4.378,0,-8.793,0.8229,-0.7505,-1.085,-0.8323
183.20,184.47,184.48,0,-0.24410,1,|r_qp|,cross-domain,0.0000,0.0000,-6.243,-2.772,-4.378,0,-8.793,1.535,-0.5895,4.724,28.99
183.60,184.87,184.88,0,-0.87845,0,|r_qp|,cross-domain,0.0000,0.0000,-6.243,-2.772,-4.378,0,-8.793,2.329,-0.6343,0.7484,0.659
184.00,185.27,185.28,0,-0.95577,0,|r_qp|,cross-domain,0.0000,0.0000,-6.243,-2.772,-4.378,0,-8.793,4.002,-0.6088,0.2377,-0.7055
184.40,185.67,185.68,0,-0.74260,0,|r_qp|,cross-domain,0.0000,0.0000,-6.243,-2.772,-4.378,0,-8.793,4.934,-0.235,3.168,32.7
184.80,186.07,186.08,0,-1.40257,0,|r_qp|,cross-domain,0.0000,0.0000,-6.243,-2.772,-4.378,0,-8.793,4.304,-0.6552,-1.127,-0.3731
185.20,186.47,186.48,0,-1.45586,0,|r_qp|,cross-domain,0.0000,0.0000,-6.243,-2.772,-4.378,0,-8.793,2.019,-0.702,-1.067,-0.7718
185.60,186.87,186.88,0,-0.38767,0,|r_qp|,cross-domain,0.0000,0.0000,-6.243,-2.772,-4.378,0,-8.793,-0.009073,-0.5316,4.406,27.97
186.00,187.27,187.28,0,-1.43185,0,|r_qp|,cross-domain,0.0000,0.0000,-6.243,-2.772,-4.378,0,-8.793,-0.432,-0.6907,-0.6196,0.6387
186.40,187.67,187.68,0,-1.50701,0,|r_qp|,cross-domain,0.0000,0.0000,-6.243,-2.772,-4.378,0,-8.793,0.2712,-0.6965,-1.02,-0.7153
186.80,188.07,188.08,0,0.54045,1,|r_qp|,cross-domain,0.0000,0.0000,-6.243,-2.772,-4.378,0,-8.793,1.482,-0.4045,6.873,25.32
187.20,188.47,188.48,0,-0.86260,0,|r_qp|,cross-domain,0.0000,0.0000,-6.243,-2.772,-4.378,0,-8.793,2.398,-0.5823,0.8188,0.9539
187.60,188.87,188.88,0,-1.03696,0,|r_qp|,cross-domain,0.0000,0.0000,-6.243,-2.772,-4.378,0,-8.793,3.797,-0.5748,0.009294,-0.8996
188.00,189.27,189.28,0,-0.27461,1,|r_qp|,cross-domain,0.0000,0.0000,-6.243,-2.772,-4.378,0,-8.793,4.74,-0.1181,4.118,25.46
188.40,189.67,189.68,0,-1.23809,0,|r_qp|,cross-domain,0.0000,0.0000,-6.243,-2.772,-4.378,0,-8.793,4.564,-0.173,-0.5046,0.5478
188.80,190.07,190.08,0,-1.42717,0,|r_qp|,cross-domain,0.0000,0.0000,-6.243,-2.772,-4.378,0,-8.793,3.296,-0.2162,-1.035,-0.8203
189.20,190.47,190.48,0,0.12961,1,|r_qp|,cross-domain,0.0000,0.0000,-6.243,-2.772,-4.378,0,-8.793,2.029,0.3745,5.61,23.68
189.60,190.87,190.88,0,-1.38628,0,|r_qp|,cross-domain,0.0000,0.0000,-6.243,-2.772,-4.378,0,-8.793,1.681,0.1711,-0.5348,0.9219
190.00,191.27,191.28,0,-1.44898,0,|r_qp|,cross-domain,0.0000,0.0000,-6.243,-2.772,-4.378,0,-8.793,1.987,-0.01185,-0.9143,-0.8226
190.40,191.67,191.68,0,-0.60214,0,|r_qp|,cross-domain,0.0000,0.0000,-6.243,-2.772,-4.378,0,-8.793,2.776,0.3039,3.357,24.36
190.80,192.07,192.08,0,-0.85989,0,|r_qp|,cross-domain,0.0000,0.0000,-6.243,-2.772,-4.378,0,-8.793,3.5,-0.01775,0.7597,0.2087
191.20,192.47,192.48,0,-0.74322,0,|r_qp|,cross-domain,0.0000,0.0000,-6.243,-2.772,-4.378,0,-8.793,4.801,-0.4167,0.82,-0.7715
191.60,192.87,192.88,0,0.33796,1,|r_qp|,cross-domain,0.0000,0.0000,-6.243,-2.772,-4.378,0,-8.793,5.403,-0.1127,5.917,25.87
192.00,193.27,193.28,0,-1.32397,0,|r_qp|,cross-domain,0.0000,0.0000,-6.243,-2.772,-4.378,0,-8.793,4.313,-0.3188,-0.7702,0.4439
192.40,193.67,193.68,0,-1.56138,0,|r_qp|,cross-domain,0.0000,0.0000,-6.243,-2.772,-4.378,0,-8.793,1.606,-0.2614,-1.252,-0.737
192.80,194.07,194.08,0,-0.46356,0,|r_qp|,cross-domain,0.0000,0.0000,-6.243,-2.772,-4.378,0,-8.793,-0.6234,0.1188,3.994,22.53
193.20,194.47,194.48,0,-1.57278,0,|r_qp|,cross-domain,0.0000,0.0000,-6.243,-2.772,-4.378,0,-8.793,-0.6241,-0.298,-0.9122,1.139
193.60,194.87,194.88,0,-1.56267,0,|r_qp|,cross-domain,0.0000,0.0000,-6.243,-2.772,-4.378,0,-8.793,0.3815,-0.2923,-1.129,-0.8016
194.00,195.27,195.28,0,-0.93472,0,|r_qp|,cross-domain,0.0000,0.0000,-6.243,-2.772,-4.378,0,-8.793,1.647,0.3535,2.506,24.55
194.40,195.67,195.68,0,-0.91374,0,|r_qp|,cross-domain,0.0000,0.0000,-6.243,-2.772,-4.378,0,-8.793,2.481,0.07368,0.7903,1.082
194.80,196.07,196.08,0,-1.03983,0,|r_qp|,cross-domain,0.0000,0.0000,-6.243,-2.772,-4.378,0,-8.793,3.928,0.1137,0.1208,-0.8597
195.20,196.47,196.48,0,0.24976,1,|r_qp|,cross-domain,0.0000,0.0000,-6.243,-2.772,-4.378,0,-8.793,4.916,0.4001,5.576,22.58
195.60,196.87,196.88,0,-1.49009,0,|r_qp|,cross-domain,0.0000,0.0000,-6.243,-2.772,-4.378,0,-8.793,4.459,0.05849,-1.188,0.8224
196.00,197.27,197.28,0,-1.57300,0,|r_qp|,cross-domain,0.0000,0.0000,-6.243,-2.772,-4.378,0,-8.793,2.369,0.04175,-1.299,-0.5179
196.40,197.67,197.68,0,-0.37170,0,|r_qp|,cross-domain,0.0000,0.0000,-6.243,-2.772,-4.378,0,-8.793,0.6006,0.3268,4.597,28.64
196.80,198.07,198.08,0,-1.49695,0,|r_qp|,cross-domain,0.0000,0.0000,-6.243,-2.772,-4.378,0,-8.793,0.2904,0.1218,-0.7222,0.9076
197.20,198.47,198.48,0,-1.47568,0,|r_qp|,cross-domain,0.0000,0.0000,-6.243,-2.772,-4.378,0,-8.793,1.066,-0.3623,-0.9409,-0.5702
197.60,198.87,198.88,0,-0.00960,1,|r_qp|,cross-domain,0.0000,0.0000,-6.243,-2.772,-4.378,0,-8.793,2.48,0.1891,4.924,21.08
198.00,199.27,199.28,0,-0.77775,0,|r_qp|,cross-domain,0.0000,0.0000,-6.243,-2.772,-4.378,0,-8.793,3.667,0.09019,1.084,1.291
198.40,199.67,199.68,0,-0.84887,0,|r_qp|,cross-domain,0.0000,0.0000,-6.243,-2.772,-4.378,0,-8.793,5.278,-0.06736,0.5181,-0.7325
198.80,200.07,200.08,0,0.02029,1,|r_qp|,cross-domain,0.0000,0.0000,-6.243,-2.772,-4.378,0,-8.793,6.132,0.2401,4.535,19.95
199.20,200.47,200.48,0,-1.29323,0,|r_qp|,cross-domain,0.0000,0.0000,-6.243,-2.772,-4.378,0,-8.793,5.529,-0.1671,-0.8159,0.002658
199.60,200.87,200.88,0,-1.38933,0,|r_qp|,cross-domain,0.0000,0.0000,-6.243,-2.772,-4.378,0,-8.793,3.91,-0.173,-0.9861,-0.8852
200.00,201.27,201.28,0,-0.39465,0,|r_qp|,cross-domain,0.0000,0.0000,-6.243,-2.772,-4.378,0,-8.793,2.076,-0.1225,4.454,31.21
200.40,201.67,201.68,0,-1.52748,0,|r_qp|,cross-domain,0.0000,0.0000,-6.243,-2.772,-4.378,0,-8.793,1.208,-0.4993,-0.9824,1.684
200.80,202.07,202.08,0,-1.58060,0,|r_qp|,cross-domain,0.0000,0.0000,-6.243,-2.772,-4.378,0,-8.793,0.545,-0.9418,-1.305,-0.5131
201.20,202.47,202.48,0,-0.55747,0,|r_qp|,cross-domain,0.0000,0.0000,-6.243,-2.772,-4.378,0,-8.793,0.661,-0.5346,3.277,20.17
201.60,202.87,202.88,0,-1.09295,0,|r_qp|,cross-domain,0.0000,0.0000,-6.243,-2.772,-4.378,0,-8.793,1.424,-0.2473,0.2992,0.9557
202.00,203.27,203.28,0,-1.12370,0,|r_qp|,cross-domain,0.0000,0.0000,-6.243,-2.772,-4.378,0,-8.793,2.963,0.1632,-0.004133,-0.722
202.40,203.67,203.68,0,-0.70469,0,|r_qp|,cross-domain,0.0000,0.0000,-6.243,-2.772,-4.378,0,-8.793,4.244,0.8833,3.015,24.65
202.80,204.07,204.08,0,-1.51621,0,|r_qp|,cross-domain,0.0000,0.0000,-6.243,-2.772,-4.378,0,-8.793,3.939,0.2432,-1.178,0.7526
203.20,204.47,204.48,0,-1.54410,0,|r_qp|,cross-domain,0.0000,0.0000,-6.243,-2.772,-4.378,0,-8.793,2.273,-0.4556,-1.295,-0.496
203.60,204.87,204.88,0,-0.93402,0,|r_qp|,cross-domain,0.0000,0.0000,-6.243,-2.772,-4.378,0,-8.793,0.6311,-0.433,2.079,18.91
204.00,205.27,205.28,0,-1.41486,0,|r_qp|,cross-domain,0.0000,0.0000,-6.243,-2.772,-4.378,0,-8.793,0.278,-0.5021,-0.5893,0.9658
204.40,205.67,205.68,0,-1.42788,0,|r_qp|,cross-domain,0.0000,0.0000,-6.243,-2.772,-4.378,0,-8.793,1.275,-0.1452,-0.7949,-0.8016
204.80,206.07,206.08,0,-0.68793,0,|r_qp|,cross-domain,0.0000,0.0000,-6.243,-2.772,-4.378,0,-8.793,2.306,0.4371,2.902,20.4
205.20,206.47,206.48,0,-1.24527,0,|r_qp|,cross-domain,0.0000,0.0000,-6.243,-2.772,-4.378,0,-8.793,2.699,0.05601,-0.1857,1.801
205.60,206.87,206.88,0,-1.31343,0,|r_qp|,cross-domain,0.0000,0.0000,-6.243,-2.772,-4.378,0,-8.793,2.938,-0.526,-0.6969,-0.6101
206.00,207.27,207.28,0,-0.54540,0,|r_qp|,cross-domain,0.0000,0.0000,-6.243,-2.772,-4.378,0,-8.793,3.143,-0.3612,3.344,24.14
206.40,207.67,207.68,0,-1.44174,0,|r_qp|,cross-domain,0.0000,0.0000,-6.243,-2.772,-4.378,0,-8.793,3.074,-0.4261,-0.9651,1.035
206.80,208.07,208.08,0,-1.45735,0,|r_qp|,cross-domain,0.0000,0.0000,-6.243,-2.772,-4.378,0,-8.793,2.179,-0.4976,-1.048,-0.726
207.20,208.47,208.48,0,-0.80822,0,|r_qp|,cross-domain,0.0000,0.0000,-6.243,-2.772,-4.378,0,-8.793,1.383,0.3607,2.557,19.36
207.60,208.87,208.88,0,-1.19724,0,|r_qp|,cross-domain,0.0000,0.0000,-6.243,-2.772,-4.378,0,-8.793,1.275,-0.1718,-0.0003947,0.7138
208.00,209.27,209.28,0,-1.36960,0,|r_qp|,cross-domain,0.0000,0.0000,-6.243,-2.772,-4.378,0,-8.793,2.018,-0.1695,-0.7079,-0.8062
208.40,209.67,209.68,0,-0.73629,0,|r_qp|,cross-domain,0.0000,0.0000,-6.243,-2.772,-4.378,0,-8.793,2.864,-0.2722,3.49,33.83
208.80,210.07,210.08,0,-1.06722,0,|r_qp|,cross-domain,0.0000,0.0000,-6.243,-2.772,-4.378,0,-8.793,3.16,-0.5402,0.08803,0.4183
209.20,210.47,210.48,0,-1.13154,0,|r_qp|,cross-domain,0.0000,0.0000,-6.243,-2.772,-4.378,0,-8.793,3.648,-0.7583,-0.2929,-0.8863
209.60,210.87,210.88,0,0.14462,1,|r_qp|,cross-domain,0.0000,0.0000,-6.243,-2.772,-4.378,0,-8.793,3.712,-0.3546,5.369,24.3
210.00,211.27,211.28,0,-1.49788,0,|r_qp|,cross-domain,0.0000,0.0000,-6.243,-2.772,-4.378,0,-8.793,3.109,-0.3667,-1.109,1.292
210.40,211.67,211.68,0,-1.58180,0,|r_qp|,cross-domain,0.0000,0.0000,-6.243,-2.772,-4.378,0,-8.793,1.05,-0.8142,-1.334,-0.4134
210.80,212.07,212.08,0,-0.78474,0,|r_qp|,cross-domain,0.0000,0.0000,-6.243,-2.772,-4.378,0,-8.793,-0.4735,-0.5883,2.67,19.59
211.20,212.47,212.48,0,-1.39797,0,|r_qp|,cross-domain,0.0000,0.0000,-6.243,-2.772,-4.378,0,-8.793,-0.3407,-0.7637,-0.5618,0.3525
211.60,212.87,212.88,0,-1.33331,0,|r_qp|,cross-domain,0.0000,0.0000,-6.243,-2.772,-4.378,0,-8.793,1.123,-0.629,-0.5928,-0.9006
212.00,213.27,213.28,0,0.23480,1,|r_qp|,cross-domain,0.0000,0.0000,-6.243,-2.772,-4.378,0,-8.793,2.981,-0.04405,6.24,30.88
212.40,213.67,213.68,0,-0.96556,0,|r_qp|,cross-domain,0.0000,0.0000,-6.243,-2.772,-4.378,0,-8.793,3.771,-0.4596,0.3667,0.7899
212.80,214.07,214.08,0,-1.11624,0,|r_qp|,cross-domain,0.0000,0.0000,-6.243,-2.772,-4.378,0,-8.793,4.425,-0.4968,-0.2819,-0.8553
213.20,214.47,214.48,0,-0.02447,1,|r_qp|,cross-domain,0.0000,0.0000,-6.243,-2.772,-4.378,0,-8.793,4.315,-0.01397,4.734,22.51
213.60,214.87,214.88,0,-1.51903,0,|r_qp|,cross-domain,0.0000,0.0000,-6.243,-2.772,-4.378,0,-8.793,3.309,-0.2007,-1.193,0.8569
214.00,215.27,215.28,0,-1.59914,0,|r_qp|,cross-domain,0.0000,0.0000,-6.243,-2.772,-4.378,0,-8.793,1.269,-0.5341,-1.355,-0.3784
214.40,215.67,215.68,0,-0.94245,0,|r_qp|,cross-domain,0.0000,0.0000,-6.243,-2.772,-4.378,0,-8.793,-0.4912,-0.2269,2.635,24.89
214.80,216.07,216.08,0,-1.43830,0,|r_qp|,cross-domain,0.0000,0.0000,-6.243,-2.772,-4.378,0,-8.793,-0.62,-0.5233,-0.5586,1.031
215.20,216.47,216.48,0,-1.48206,0,|r_qp|,cross-domain,0.0000,0.0000,-6.243,-2.772,-4.378,0,-8.793,0.5548,-0.3544,-0.9174,-0.8032
215.60,216.87,216.88,0,-0.55554,0,|r_qp|,cross-domain,0.0000,0.0000,-6.243,-2.772,-4.378,0,-8.793,1.873,0.2412,3.416,21.9
216.00,217.27,217.28,0,-0.86146,0,|r_qp|,cross-domain,0.0000,0.0000,-6.243,-2.772,-4.378,0,-8.793,2.645,0.1124,0.9468,1.228
216.40,217.67,217.68,0,-1.10051,0,|r_qp|,cross-domain,0.0000,0.0000,-6.243,-2.772,-4.378,0,-8.793,3.598,-0.098,-0.06603,-0.8692
216.80,218.07,218.08,0,0.19408,1,|r_qp|,cross-domain,0.0000,0.0000,-6.243,-2.772,-4.378,0,-8.793,4.512,0.06133,5.446,23.41
217.20,218.47,218.48,0,-1.44496,0,|r_qp|,cross-domain,0.0000,0.0000,-6.243,-2.772,-4.378,0,-8.793,4.288,-0.2479,-1.073,1.086
217.60,218.87,218.88,0,-1.53415,0,|r_qp|,cross-domain,0.0000,0.0000,-6.243,-2.772,-4.378,0,-8.793,2.247,-0.677,-1.305,-0.4934
218.00,219.27,219.28,0,-0.99688,0,|r_qp|,cross-domain,0.0000,0.0000,-6.243,-2.772,-4.378,0,-8.793,0.5,-0.1031,2.203,22.29
218.40,219.67,219.68,0,-1.42005,0,|r_qp|,cross-domain,0.0000,0.0000,-6.243,-2.772,-4.378,0,-8.793,0.1876,-0.5221,-0.6,0.9465
218.80,220.07,220.08,0,-1.46912,0,|r_qp|,cross-domain,0.0000,0.0000,-6.243,-2.772,-4.378,0,-8.793,1.265,-0.4117,-0.9575,-0.6354
219.20,220.47,220.48,0,-0.70346,0,|r_qp|,cross-domain,0.0000,0.0000,-6.243,-2.772,-4.378,0,-8.793,2.278,0.2163,2.761,19.6
219.60,220.87,220.88,0,-0.87049,0,|r_qp|,cross-domain,0.0000,0.0000,-6.243,-2.772,-4.378,0,-8.793,2.778,0.04676,0.8739,0.9662
220.00,221.27,221.28,0,-1.09800,0,|r_qp|,cross-domain,0.0000,0.0000,-6.243,-2.772,-4.378,0,-8.793,3.826,-0.01074,-0.05723,-0.7231
220.40,221.67,221.68,0,-1.11609,0,|r_qp|,cross-domain,0.0000,0.0000,-6.243,-2.772,-4.378,0,-8.793,4.4,0.3035,1.513,22.72
220.80,222.07,222.08,0,-1.46081,0,|r_qp|,cross-domain,0.0000,0.0000,-6.243,-2.772,-4.378,0,-8.793,3.845,-0.07297,-1.021,1.333
221.20,222.47,222.48,-1,-1.57988,0,|r_qp|,cross-domain,0.0000,0.0000,-6.243,-2.772,-4.378,0,-8.793,1.706,-0.3756,-1.32,-0.4461
221.60,222.87,222.88,-1,5.32287,1,e_rec,cross-domain,0.0000,0.0000,-6.243,-2.772,-4.378,0,-8.793,-0.2605,-0.2395,20.77,14.89
222.00,223.27,223.28,1,-1.78520,0,|r_qp|,cross-domain,0.0000,0.0000,-6.243,-2.772,-4.378,0,-8.793,0.06611,7.467,-0.1284,1.298
222.40,223.67,223.68,1,-1.47148,0,|r_qp|,cross-domain,0.0000,0.0000,-6.243,-2.772,-4.378,0,-8.793,1.643,7.673,0.6002,0.1745
222.80,224.07,224.08,1,1.40051,1,|r_qp|,cross-domain,0.0000,0.0000,-6.243,-2.772,-4.378,0,-8.793,3.702,8.258,10.2,15.59
223.20,224.47,224.48,1,-0.52201,0,|r_qp|,cross-domain,0.0000,0.0000,-6.243,-2.772,-4.378,0,-8.793,4.959,6.926,3.11,2.578
223.60,224.87,224.88,1,-1.20503,0,|r_qp|,cross-domain,0.0000,0.0000,-6.243,-2.772,-4.378,0,-8.793,5.944,6.808,0.6981,-0.6178
224.00,225.27,225.28,1,-0.35017,0,|r_qp|,cross-domain,0.0000,0.0000,-6.243,-2.772,-4.378,0,-8.793,6.435,7.435,4.249,12.51
224.40,225.67,225.68,1,-1.71601,0,|r_qp|,cross-domain,0.0000,0.0000,-6.243,-2.772,-4.378,0,-8.793,5.76,7.063,-0.642,1.23
224.80,226.07,226.08,1,-1.70474,0,|r_qp|,cross-domain,0.0000,0.0000,-6.243,-2.772,-4.378,0,-8.793,3.782,6.73,-0.5528,-0.2526
225.20,226.47,226.48,1,2.27802,1,e_rec,cross-domain,0.0000,0.0000,-6.243,-2.772,-4.378,0,-8.793,1.894,6.746,12.92,18.06
225.60,226.87,226.88,1,-1.55621,0,|r_qp|,cross-domain,0.0000,0.0000,-6.243,-2.772,-4.378,0,-8.793,1.496,7.477,0.4774,2.379
226.00,227.27,227.28,1,-1.89483,0,|r_qp|,cross-domain,0.0000,0.0000,-6.243,-2.772,-4.378,0,-8.793,1.896,7.634,-0.7668,-0.6409
226.40,227.67,227.68,1,-0.62331,0,|r_qp|,cross-domain,0.0000,0.0000,-6.243,-2.772,-4.378,0,-8.793,2.818,8.138,4.048,13.67
226.80,228.07,228.08,1,-0.16888,1,|r_qp|,cross-domain,0.0000,0.0000,-6.243,-2.772,-4.378,0,-8.793,3.806,7.6,4.456,2.928
227.20,228.47,228.48,1,-1.31919,0,|r_qp|,cross-domain,0.0000,0.0000,-6.243,-2.772,-4.378,0,-8.793,5.2,7.457,0.5487,-0.8169
227.60,228.87,228.88,1,1.49613,1,|r_qp|,cross-domain,0.0000,0.0000,-6.243,-2.772,-4.378,0,-8.793,6.185,7.93,10.17,15.91
228.00,229.27,229.28,1,-1.67206,0,|r_qp|,cross-domain,0.0000,0.0000,-6.243,-2.772,-4.378,0,-8.793,5.863,6.862,-0.5771,0.9839
228.40,229.67,229.68,1,-1.72393,0,|r_qp|,cross-domain,0.0000,0.0000,-6.243,-2.772,-4.378,0,-8.793,4.342,6.143,-0.8133,-0.644
228.80,230.07,230.08,1,5.77847,1,e_rec,cross-domain,0.0000,0.0000,-6.243,-2.772,-4.378,0,-8.793,2.959,5.873,23.12,17.27
229.20,230.47,230.48,1,-1.49014,0,|r_qp|,cross-domain,0.0000,0.0000,-6.243,-2.772,-4.378,0,-8.793,3.076,7.556,0.4635,1.656
229.60,230.87,230.88,1,-1.43132,0,|r_qp|,cross-domain,0.0000,0.0000,-6.243,-2.772,-4.378,0,-8.793,4.132,7.715,0.4263,-0.1606
230.00,231.27,231.28,1,1.16563,1,|r_qp|,cross-domain,0.0000,0.0000,-6.243,-2.772,-4.378,0,-8.793,5.319,8.63,9.119,11.82
230.40,231.67,231.68,1,-0.98749,0,|r_qp|,cross-domain,0.0000,0.0000,-6.243,-2.772,-4.378,0,-8.793,5.945,7.581,1.68,1.948
230.80,232.07,232.08,1,-0.94622,0,|r_qp|,cross-domain,0.0000,0.0000,-6.243,-2.772,-4.378,0,-8.793,6.709,7.411,1.539,-0.1509
231.20,232.47,232.48,1,2.96062,1,e_rec,cross-domain,0.0000,0.0000,-6.243,-2.772,-4.378,0,-8.793,7.338,7.718,14.42,16.13
231.60,232.87,232.88,1,-1.63130,0,|r_qp|,cross-domain,0.0000,0.0000,-6.243,-2.772,-4.378,0,-8.793,7.318,8.301,-0.3591,0.7354
232.00,233.27,233.28,1,-1.67374,0,|r_qp|,cross-domain,0.0000,0.0000,-6.243,-2.772,-4.378,0,-8.793,5.974,7.619,-0.5607,-0.6189
232.40,233.67,233.68,1,2.38258,1,e_rec,cross-domain,0.0000,0.0000,-6.243,-2.772,-4.378,0,-8.793,4.498,7.761,12.62,10.55
232.80,234.07,234.08,1,-1.70967,0,|r_qp|,cross-domain,0.0000,0.0000,-6.243,-2.772,-4.378,0,-8.793,3.848,8.038,-0.2306,1.092
233.20,234.47,234.48,1,-1.57002,0,|r_qp|,cross-domain,0.0000,0.0000,-6.243,-2.772,-4.378,0,-8.793,3.919,8.394,0.1603,-0.1985
233.60,234.87,234.88,1,3.51466,1,e_rec,cross-domain,0.0000,0.0000,-6.243,-2.772,-4.378,0,-8.793,4.202,8.999,16.77,17.28
234.00,235.27,235.28,1,-0.93787,0,|r_qp|,cross-domain,0.0000,0.0000,-6.243,-2.772,-4.378,0,-8.793,4.484,8.02,2.067,1.798
234.40,235.67,235.68,1,-1.26374,0,|r_qp|,cross-domain,0.0000,0.0000,-6.243,-2.772,-4.378,0,-8.793,5.621,7.781,0.7483,-0.5618
234.80,236.07,236.08,1,0.00868,1,|r_qp|,cross-domain,0.0000,0.0000,-6.243,-2.772,-4.378,0,-8.793,6.392,8.148,5.754,16.58
235.20,236.47,236.48,1,-1.41012,0,|r_qp|,cross-domain,0.0000,0.0000,-6.243,-2.772,-4.378,0,-8.793,5.988,7.155,0.2931,1.549
235.60,236.87,236.88,1,-1.54017,0,|r_qp|,cross-domain,0.0000,0.0000,-6.243,-2.772,-4.378,0,-8.793,4.283,6.911,-0.05467,0.09758
236.00,237.27,237.28,1,-0.51033,0,|r_qp|,cross-domain,0.0000,0.0000,-6.243,-2.772,-4.378,0,-8.793,2.627,7.809,4.157,10.93
236.40,237.67,237.68,1,-1.75381,0,|r_qp|,cross-domain,0.0000,0.0000,-6.243,-2.772,-4.378,0,-8.793,2.339,7.56,-0.2978,0.9185
236.80,238.07,238.08,1,-1.51952,0,|r_qp|,cross-domain,0.0000,0.0000,-6.243,-2.772,-4.378,0,-8.793,2.789,7.44,0.263,-0.1006
237.20,238.47,238.48,1,1.38099,1,|r_qp|,cross-domain,0.0000,0.0000,-6.243,-2.772,-4.378,0,-8.793,3.84,7.657,10.06,16.27
237.60,238.87,238.88,1,-1.23163,0,|r_qp|,cross-domain,0.0000,0.0000,-6.243,-2.772,-4.378,0,-8.793,4.765,7.666,1.031,1.044
238.00,239.27,239.28,1,-1.34375,0,|r_qp|,cross-domain,0.0000,0.0000,-6.243,-2.772,-4.378,0,-8.793,5.829,7.633,0.4699,-0.3554
238.40,239.67,239.68,1,0.54746,1,|r_qp|,cross-domain,0.0000,0.0000,-6.243,-2.772,-4.378,0,-8.793,6.212,8.122,7.002,10.98
238.80,240.07,240.08,1,-1.71389,0,|r_qp|,cross-domain,0.0000,0.0000,-6.243,-2.772,-4.378,0,-8.793,5.374,7.575,-0.4863,1.343
239.20,240.47,240.48,1,-1.56162,0,|r_qp|,cross-domain,0.0000,0.0000,-6.243,-2.772,-4.378,0,-8.793,3.559,7.127,0.03898,0.607
239.60,240.87,240.88,1,1.58085,1,|r_qp|,cross-domain,0.0000,0.0000,-6.243,-2.772,-4.378,0,-8.793,1.571,7.569,10.7,13.4
240.00,241.27,241.28,1,-2.10894,0,|r_qp|,cross-domain,0.0000,0.0000,-6.243,-2.772,-4.378,0,-8.793,0.6749,8.282,-0.9462,2.289
240.40,241.67,241.68,1,-2.21397,0,|r_qp|,cross-domain,0.0000,0.0000,-6.243,-2.772,-4.378,0,-8.793,0.1141,8.451,-1.295,0.4501
240.80,242.07,242.08,1,-0.78401,0,|r_qp|,cross-domain,0.0000,0.0000,-6.243,-2.772,-4.378,0,-8.793,-0.393,8.43,4.774,25.07
241.20,242.47,242.48,1,-1.59562,0,|r_qp|,cross-domain,0.0000,0.0000,-6.243,-2.772,-4.378,0,-8.793,0.08511,1.196,-0.6007,3.633
241.60,242.87,242.88,-1,-1.56511,0,|r_qp|,cross-domain,0.0000,0.0000,-6.243,-2.772,-4.378,0,-8.793,-0.0611,0.2499,-0.9795,-0.764
242.00,243.27,243.28,-1,-0.18424,1,|r_qp|,cross-domain,0.0000,0.0000,-6.243,-2.772,-4.378,0,-8.793,1.409,0.06181,4.875,26.55
242.40,243.67,243.68,-1,-1.54196,0,|r_qp|,cross-domain,0.0000,0.0000,-6.243,-2.772,-4.378,0,-8.793,1.455,-0.2409,-1.032,1.28
242.80,244.07,244.08,-1,-1.41170,0,|r_qp|,cross-domain,0.0000,0.0000,-6.243,-2.772,-4.378,0,-8.793,1.764,-0.6518,-0.9042,-0.885
243.20,244.47,244.48,-1,0.68357,1,|r_qp|,cross-domain,0.0000,0.0000,-6.243,-2.772,-4.378,0,-8.793,2.897,-0.4399,7.333,28.13
243.60,244.87,244.88,-1,-0.91174,0,|r_qp|,cross-domain,0.0000,0.0000,-6.243,-2.772,-4.378,0,-8.793,4.067,-0.5148,0.5005,1.014
244.00,245.27,245.28,-1,-1.06138,0,|r_qp|,cross-domain,0.0000,0.0000,-6.243,-2.772,-4.378,0,-8.793,5.682,-0.4466,-0.2498,-0.8776
244.40,245.67,245.68,-1,0.93400,1,|r_qp|,cross-domain,0.0000,0.0000,-6.243,-2.772,-4.378,0,-8.793,6.214,-0.1995,7.793,28.6
244.80,246.07,246.08,-1,-0.99601,0,|r_qp|,cross-domain,0.0000,0.0000,-6.243,-2.772,-4.378,0,-8.793,5.747,-0.3675,0.05307,0.5365
245.20,246.47,246.48,-1,-1.10626,0,|r_qp|,cross-domain,0.0000,0.0000,-6.243,-2.772,-4.378,0,-8.793,5.57,-0.4801,-0.375,-0.8231
245.60,246.87,246.88,-1,-0.69751,0,|r_qp|,cross-domain,0.0000,0.0000,-6.243,-2.772,-4.378,0,-8.793,4.886,-0.01351,2.57,21.46
246.00,247.27,247.28,-1,-1.33246,0,|r_qp|,cross-domain,0.0000,0.0000,-6.243,-2.772,-4.378,0,-8.793,3.717,-0.3056,-0.7663,-0.1316
246.40,247.67,247.68,-1,-1.34978,0,|r_qp|,cross-domain,0.0000,0.0000,-6.243,-2.772,-4.378,0,-8.793,2.849,-0.6312,-0.8292,-0.792
246.80,248.07,248.08,-1,-0.07876,1,|r_qp|,cross-domain,0.0000,0.0000,-6.243,-2.772,-4.378,0,-8.793,1.989,-0.4167,5.117,27.72
247.20,248.47,248.48,-1,-1.51865,0,|r_qp|,cross-domain,0.0000,0.0000,-6.243,-2.772,-4.378,0,-8.793,1.709,-0.5352,-1.068,0.9742
247.60,248.87,248.88,-1,-1.47589,0,|r_qp|,cross-domain,0.0000,0.0000,-6.243,-2.772,-4.378,0,-8.793,1.265,-0.4513,-0.9797,-0.5527
248.00,249.27,249.28,-1,-0.10206,1,|r_qp|,cross-domain,0.0000,0.0000,-6.243,-2.772,-4.378,0,-8.793,1.473,0.04205,5.097,26.36
248.40,249.67,249.68,-1,-1.16523,0,|r_qp|,cross-domain,0.0000,0.0000,-6.243,-2.772,-4.378,0,-8.793,1.839,-0.3092,-0.05123,-0.1137
248.80,250.07,250.08,-1,-1.10270,0,|r_qp|,cross-domain,0.0000,0.0000,-6.243,-2.772,-4.378,0,-8.793,3.029,-0.3045,-0.03837,-0.7266
249.20,250.47,250.48,-1,-0.24845,1,|r_qp|,cross-domain,0.0000,0.0000,-6.243,-2.772,-4.378,0,-8.793,3.798,0.02326,4.449,27.19
249.60,250.87,250.88,-1,-1.45067,0,|r_qp|,cross-domain,0.0000,0.0000,-6.243,-2.772,-4.378,0,-8.793,3.288,-0.04677,-0.9771,0.5472
250.00,251.27,251.28,-1,-1.60322,0,|r_qp|,cross-domain,0.0000,0.0000,-6.243,-2.772,-4.378,0,-8.793,1.588,-0.07191,-1.336,-0.6882
250.40,251.67,251.68,-1,-0.99508,0,|r_qp|,cross-domain,0.0000,0.0000,-6.243,-2.772,-4.378,0,-8.793,-0.1244,0.03513,2.8,29.41
250.80,252.07,252.08,-1,-1.57788,0,|r_qp|,cross-domain,0.0000,0.0000,-6.243,-2.772,-4.378,0,-8.793,-0.2946,-0.3646,-0.9798,1.103
251.20,252.47,252.48,-1,-1.56011,0,|r_qp|,cross-domain,0.0000,0.0000,-6.243,-2.772,-4.378,0,-8.793,0.3024,-0.4124,-1.119,-0.5757
251.60,252.87,252.88,-1,-0.72130,0,|r_qp|,cross-domain,0.0000,0.0000,-6.243,-2.772,-4.378,0,-8.793,1.457,0.1777,2.819,19.99
252.00,253.27,253.28,-1,-1.01698,0,|r_qp|,cross-domain,0.0000,0.0000,-6.243,-2.772,-4.378,0,-8.793,2.184,-0.0126,0.4735,0.7542
252.40,253.67,253.68,-1,-1.13345,0,|r_qp|,cross-domain,0.0000,0.0000,-6.243,-2.772,-4.378,0,-8.793,3.483,-0.1145,-0.1492,-0.7796
252.80,254.07,254.08,-1,0.30016,1,|r_qp|,cross-domain,0.0000,0.0000,-6.243,-2.772,-4.378,0,-8.793,4.264,0.2862,5.808,23
253.20,254.47,254.48,-1,-1.46245,0,|r_qp|,cross-domain,0.0000,0.0000,-6.243,-2.772,-4.378,0,-8.793,3.772,0.006218,-1.1,-0.07506
253.60,254.87,254.88,-1,-1.52537,0,|r_qp|,cross-domain,0.0000,0.0000,-6.243,-2.772,-4.378,0,-8.793,2.207,-0.2648,-1.213,-0.7512
254.00,255.27,255.28,-1,-0.27504,1,|r_qp|,cross-domain,0.0000,0.0000,-6.243,-2.772,-4.378,0,-8.793,0.6064,-0.1941,4.772,28.42
254.40,255.67,255.68,-1,-1.55110,0,|r_qp|,cross-domain,0.0000,0.0000,-6.243,-2.772,-4.378,0,-8.793,0.2028,-0.5117,-0.9816,1.129
254.80,256.07,256.08,-1,-1.62364,0,|r_qp|,cross-domain,0.0000,0.0000,-6.243,-2.772,-4.378,0,-8.793,0.0928,-0.4041,-1.296,-0.7304
255.20,256.47,256.48,-1,0.06703,1,|r_qp|,cross-domain,0.0000,0.0000,-6.243,-2.772,-4.378,0,-8.793,1.015,0.1752,5.51,23.87
255.60,256.87,256.88,-1,-0.97999,0,|r_qp|,cross-domain,0.0000,0.0000,-6.243,-2.772,-4.378,0,-8.793,1.912,0.1237,0.5976,0.1212
256.00,257.27,257.28,-1,-1.09170,0,|r_qp|,cross-domain,0.0000,0.0000,-6.243,-2.772,-4.378,0,-8.793,3.498,0.02282,0.01975,-0.5121
256.40,257.67,257.68,-1,-0.18289,1,|r_qp|,cross-domain,0.0000,0.0000,-6.243,-2.772,-4.378,0,-8.793,4.408,0.448,4.71,27.91
256.80,258.07,258.08,-1,-1.28993,0,|r_qp|,cross-domain,0.0000,0.0000,-6.243,-2.772,-4.378,0,-8.793,4.026,0.1918,-0.5718,-0.04937
257.20,258.47,258.48,-1,-1.34574,0,|r_qp|,cross-domain,0.0000,0.0000,-6.243,-2.772,-4.378,0,-8.793,3.049,-0.03825,-0.7289,-0.8369
257.60,258.87,258.88,-1,-0.37838,0,|r_qp|,cross-domain,0.0000,0.0000,-6.243,-2.772,-4.378,0,-8.793,1.701,-0.04744,4.561,31.22
258.00,259.27,259.28,-1,-1.22419,0,|r_qp|,cross-domain,0.0000,0.0000,-6.243,-2.772,-4.378,0,-8.793,1.398,-0.2585,-0.1482,0.1935
258.40,259.67,259.68,-1,-1.46949,0,|r_qp|,cross-domain,0.0000,0.0000,-6.243,-2.772,-4.378,0,-8.793,1.402,-0.2953,-0.9663,-0.8456
258.80,260.07,260.08,-1,-1.33841,0,|r_qp|,cross-domain,0.0000,0.0000,-6.243,-2.772,-4.378,0,-8.793,1.948,-0.13,1.923,35.48
259.20,260.47,260.48,-1,-1.25910,0,|r_qp|,cross-domain,0.0000,0.0000,-6.243,-2.772,-4.378,0,-8.793,2.411,-0.1208,-0.3267,0.3943
259.60,260.87,260.88,-1,-1.29312,0,|r_qp|,cross-domain,0.0000,0.0000,-6.243,-2.772,-4.378,0,-8.793,2.816,-0.3356,-0.5945,-0.7379
260.00,261.27,261.28,-1,-0.32564,0,|r_qp|,cross-domain,0.0000,0.0000,-6.243,-2.772,-4.378,0,-8.793,3.026,0.1887,4.47,29.13
260.40,261.67,261.68,-1,-1.50437,0,|r_qp|,cross-domain,0.0000,0.0000,-6.243,-2.772,-4.378,0,-8.793,2.57,-0.1031,-1.108,-0.02044
260.80,262.07,262.08,-1,-1.55311,0,|r_qp|,cross-domain,0.0000,0.0000,-6.243,-2.772,-4.378,0,-8.793,1.339,-0.213,-1.187,-0.7273
261.20,262.47,262.48,-1,-0.09924,1,|r_qp|,cross-domain,0.0000,0.0000,-6.243,-2.772,-4.378,0,-8.793,0.2713,-0.1291,5.197,26.19
261.60,262.87,262.88,-1,-1.50699,0,|r_qp|,cross-domain,0.0000,0.0000,-6.243,-2.772,-4.378,0,-8.793,0.1258,-0.3257,-0.8538,0.4176
262.00,263.27,263.28,-1,-1.49303,0,|r_qp|,cross-domain,0.0000,0.0000,-6.243,-2.772,-4.378,0,-8.793,0.6022,-0.5175,-0.9919,-0.8739
262.40,263.67,263.68,-1,-0.24237,1,|r_qp|,cross-domain,0.0000,0.0000,-6.243,-2.772,-4.378,0,-8.793,1.377,-0.2147,4.731,27.72
262.80,264.07,264.08,-1,-1.12404,0,|r_qp|,cross-domain,0.0000,0.0000,-6.243,-2.772,-4.378,0,-8.793,1.939,-0.3775,0.09077,0.4954
263.20,264.47,264.48,-1,-1.18212,0,|r_qp|,cross-domain,0.0000,0.0000,-6.243,-2.772,-4.378,0,-8.793,3.047,-0.3882,-0.3079,-0.9045
263.60,264.87,264.88,-1,-0.20012,1,|r_qp|,cross-domain,0.0000,0.0000,-6.243,-2.772,-4.378,0,-8.793,3.737,-0.09287,4.792,30.24
264.00,265.27,265.28,-1,-1.44975,0,|r_qp|,cross-domain,0.0000,0.0000,-6.243,-2.772,-4.378,0,-8.793,3.218,-0.3832,-1.056,0.1939
264.40,265.67,265.68,-1,-1.56917,0,|r_qp|,cross-domain,0.0000,0.0000,-6.243,-2.772,-4.378,0,-8.793,1.667,-0.4467,-1.327,-0.8729
264.80,266.07,266.08,-1,-0.91652,0,|r_qp|,cross-domain,0.0000,0.0000,-6.243,-2.772,-4.378,0,-8.793,0.198,-0.2891,3.121,32.06
265.20,266.47,266.48,-1,-1.30502,0,|r_qp|,cross-domain,0.0000,0.0000,-6.243,-2.772,-4.378,0,-8.793,0.08347,-0.4189,-0.278,0.1437
265.60,266.87,266.88,-1,-1.40553,0,|r_qp|,cross-domain,0.0000,0.0000,-6.243,-2.772,-4.378,0,-8.793,0.8123,-0.4702,-0.7413,-0.8487
266.00,267.27,267.28,-1,-1.38456,0,|r_qp|,cross-domain,0.0000,0.0000,-6.243,-2.772,-4.378,0,-8.793,1.894,-0.2041,1.914,37.46
266.40,267.67,267.68,-1,-1.29754,0,|r_qp|,cross-domain,0.0000,0.0000,-6.243,-2.772,-4.378,0,-8.793,2.462,-0.3211,-0.4684,0.6559
266.80,268.07,268.08,-1,-1.34051,0,|r_qp|,cross-domain,0.0000,0.0000,-6.243,-2.772,-4.378,0,-8.793,2.722,-0.6526,-0.7969,-0.8749
267.20,268.47,268.48,-1,0.29915,1,|r_qp|,cross-domain,0.0000,0.0000,-6.243,-2.772,-4.378,0,-8.793,2.852,-0.379,6.065,26.3
267.60,268.87,268.88,-1,-1.43762,0,|r_qp|,cross-domain,0.0000,0.0000,-6.243,-2.772,-4.378,0,-8.793,2.409,-0.5593,-0.9888,-0.193
268.00,269.27,269.28,-1,-1.56042,0,|r_qp|,cross-domain,0.0000,0.0000,-6.243,-2.772,-4.378,0,-8.793,1.215,-0.6003,-1.276,-0.8217
268.40,269.67,269.68,-1,-0.03013,1,|r_qp|,cross-domain,0.0000,0.0000,-6.243,-2.772,-4.378,0,-8.793,-0.01342,-0.147,5.228,23.24
268.80,270.07,270.08,-1,-1.52948,0,|r_qp|,cross-domain,0.0000,0.0000,-6.243,-2.772,-4.378,0,-8.793,-0.2692,-0.4675,-0.8722,0.8808
269.20,270.47,270.48,-1,-1.52755,0,|r_qp|,cross-domain,0.0000,0.0000,-6.243,-2.772,-4.378,0,-8.793,0.3228,-0.5578,-1.072,-0.8728
269.60,270.87,270.88,-1,-0.57345,0,|r_qp|,cross-domain,0.0000,0.0000,-6.243,-2.772,-4.378,0,-8.793,1.264,-0.3343,4.04,32.27
270.00,271.27,271.28,-1,-0.94044,0,|r_qp|,cross-domain,0.0000,0.0000,-6.243,-2.772,-4.378,0,-8.793,1.854,-0.5218,0.6174,0.3808
270.40,271.67,271.68,-1,-1.14623,0,|r_qp|,cross-domain,0.0000,0.0000,-6.243,-2.772,-4.378,0,-8.793,2.963,-0.5719,-0.2183,-0.7975
270.80,272.07,272.08,-1,-1.05208,0,|r_qp|,cross-domain,0.0000,0.0000,-6.243,-2.772,-4.378,0,-8.793,3.936,-0.2312,2.424,33.77
271.20,272.47,272.48,-1,-1.32633,0,|r_qp|,cross-domain,0.0000,0.0000,-6.243,-2.772,-4.378,0,-8.793,3.709,-0.2588,-0.7417,-0.1848
271.60,272.87,272.88,-1,-1.52743,0,|r_qp|,cross-domain,0.0000,0.0000,-6.243,-2.772,-4.378,0,-8.793,2.346,-0.4121,-1.261,-0.7274
272.00,273.27,273.28,0,-1.40387,0,|r_qp|,cross-domain,0.0000,0.0000,-6.243,-2.772,-4.378,0,-8.793,0.7449,-0.1801,1.787,34.56
272.40,273.67,273.68,0,-1.48040,0,|r_qp|,cross-domain,0.0000,0.0000,-6.243,-2.772,-4.378,0,-8.793,0.4389,-0.4772,-0.8472,0.2856
272.80,274.07,274.08,0,-1.48186,0,|r_qp|,cross-domain,0.0000,0.0000,-6.243,-2.772,-4.378,0,-8.793,0.5666,-0.7243,-0.9911,-0.8332
273.20,274.47,274.48,0,-0.10135,1,|r_qp|,cross-domain,0.0000,0.0000,-6.243,-2.772,-4.378,0,-8.793,1.174,-0.4617,5.051,26.57
273.60,274.87,274.88,0,-1.14411,0,|r_qp|,cross-domain,0.0000,0.0000,-6.243,-2.772,-4.378,0,-8.793,1.565,-0.2735,0.1006,0.6149
274.00,275.27,275.28,0,-1.21409,0,|r_qp|,cross-domain,0.0000,0.0000,-6.243,-2.772,-4.378,0,-8.793,2.698,-0.05063,-0.2835,-0.6641
274.40,275.67,275.68,0,-0.03097,1,|r_qp|,cross-domain,0.0000,0.0000,-6.243,-2.772,-4.378,0,-8.793,3.639,0.5198,5.227,27.33
274.80,276.07,276.08,0,-1.52231,0,|r_qp|,cross-domain,0.0000,0.0000,-6.243,-2.772,-4.378,0,-8.793,3.418,0.1939,-1.178,0.2997
275.20,276.47,276.48,0,-1.56714,0,|r_qp|,cross-domain,0.0000,0.0000,-6.243,-2.772,-4.378,0,-8.793,1.654,-0.1737,-1.263,-0.8128
275.60,276.87,276.88,0,-1.37543,0,|r_qp|,cross-domain,0.0000,0.0000,-6.243,-2.772,-4.378,0,-8.793,-0.05322,-0.2749,1.992,35.24
276.00,277.27,277.28,0,-1.43205,0,|r_qp|,cross-domain,0.0000,0.0000,-6.243,-2.772,-4.378,0,-8.793,-0.4116,-0.6156,-0.6334,0.2742
276.40,277.67,277.68,0,-1.51394,0,|r_qp|,cross-domain,0.0000,0.0000,-6.243,-2.772,-4.378,0,-8.793,0.4472,-0.5411,-1.032,-0.7322
276.80,278.07,278.08,0,-0.60485,0,|r_qp|,cross-domain,0.0000,0.0000,-6.243,-2.772,-4.378,0,-8.793,1.657,-0.01666,4.084,34.01
277.20,278.47,278.48,0,-0.82539,0,|r_qp|,cross-domain,0.0000,0.0000,-6.243,-2.772,-4.378,0,-8.793,2.316,-0.03588,1.016,0.5357
277.60,278.87,278.88,0,-0.93531,0,|r_qp|,cross-domain,0.0000,0.0000,-6.243,-2.772,-4.378,0,-8.793,3.491,0.03526,0.4914,-0.545
278.00,279.27,279.28,0,-1.06997,0,|r_qp|,cross-domain,0.0000,0.0000,-6.243,-2.772,-4.378,0,-8.793,4.275,0.5477,2.507,34.14
278.40,279.67,279.68,0,-1.43639,0,|r_qp|,cross-domain,0.0000,0.0000,-6.243,-2.772,-4.378,0,-8.793,3.99,0.6044,-0.9348,-0.1245
278.80,280.07,280.08,0,-1.54911,0,|r_qp|,cross-domain,0.0000,0.0000,-6.243,-2.772,-4.378,0,-8.793,2.388,0.5177,-1.158,-0.8099
279.20,280.47,280.48,0,-1.50839,0,|r_qp|,cross-domain,0.0000,0.0000,-6.243,-2.772,-4.378,0,-8.793,0.8034,0.668,1.502,32.73
279.60,280.87,280.88,0,-1.43440,0,|r_qp|,cross-domain,0.0000,0.0000,-6.243,-2.772,-4.378,0,-8.793,0.5109,0.5194,-0.5465,-0.01417
280.00,281.27,281.28,0,-1.51069,0,|r_qp|,cross-domain,0.0000,0.0000,-6.243,-2.772,-4.378,0,-8.793,0.8792,1.592,-0.6663,-0.7996
280.40,281.67,281.68,0,-1.61149,0,|r_qp|,cross-domain,0.0000,0.0000,-6.243,-2.772,-4.378,0,-8.793,1.882,3.081,1.82,36.85
280.80,282.07,282.08,0,-1.21887,0,|r_qp|,cross-domain,0.0000,0.0000,-6.243,-2.772,-4.378,0,-8.793,2.567,3.306,0.4256,0.2685
281.20,282.47,282.48,0,-1.19708,0,|r_qp|,cross-domain,0.0000,0.0000,-6.243,-2.772,-4.378,0,-8.793,3.731,3.653,0.3687,-0.5703
281.60,282.87,282.88,0,-1.68504,0,|r_qp|,cross-domain,0.0000,0.0000,-6.243,-2.772,-4.378,0,-8.793,4.471,3.904,1.83,42.1
282.00,283.27,283.28,0,-1.62086,0,|r_qp|,cross-domain,0.0000,0.0000,-6.243,-2.772,-4.378,0,-8.793,4.242,3.534,-0.9588,-0.1585
282.40,283.67,283.68,0,-1.67477,0,|r_qp|,cross-domain,0.0000,0.0000,-6.243,-2.772,-4.378,0,-8.793,2.731,2.522,-1.185,-0.7274
282.80,284.07,284.08,0,-1.88037,0,|r_qp|,cross-domain,0.0000,0.0000,-6.243,-2.772,-4.378,0,-8.793,1.233,1.481,1.046,40.73
283.20,284.47,284.48,0,-1.31997,0,|r_qp|,cross-domain,0.0000,0.0000,-6.243,-2.772,-4.378,0,-8.793,0.8402,1.061,-0.1289,0.07541
283.60,284.87,284.88,0,-1.45315,0,|r_qp|,cross-domain,0.0000,0.0000,-6.243,-2.772,-4.378,0,-8.793,1.691,2.022,-0.5029,-0.8155
284.00,285.27,285.28,0,-1.46390,0,|r_qp|,cross-domain,0.0000,0.0000,-6.243,-2.772,-4.378,0,-8.793,2.812,3.311,2.484,40.89
284.40,285.67,285.68,0,-1.46133,0,|r_qp|,cross-domain,0.0000,0.0000,-6.243,-2.772,-4.378,0,-8.793,3.235,3.231,-0.4014,0.1584
284.80,286.07,286.08,0,-1.48120,0,|r_qp|,cross-domain,0.0000,0.0000,-6.243,-2.772,-4.378,0,-8.793,2.93,1.913,-0.7396,-0.7015
285.20,286.47,286.48,0,-0.27670,1,|r_qp|,cross-domain,0.0000,0.0000,-6.243,-2.772,-4.378,0,-8.793,2.636,0.8098,4.677,27.63
285.60,286.87,286.88,0,-1.32948,0,|r_qp|,cross-domain,0.0000,0.0000,-6.243,-2.772,-4.378,0,-8.793,2.144,-0.1666,-0.5586,-0.1995
286.00,287.27,287.28,0,-1.51874,0,|r_qp|,cross-domain,0.0000,0.0000,-6.243,-2.772,-4.378,0,-8.793,1.671,-0.07037,-1.104,-0.8739
286.40,287.67,287.68,0,-1.32118,0,|r_qp|,cross-domain,0.0000,0.0000,-6.243,-2.772,-4.378,0,-8.793,1.072,0.03664,1.85,31.8
286.80,288.07,288.08,0,-1.35147,0,|r_qp|,cross-domain,0.0000,0.0000,-6.243,-2.772,-4.378,0,-8.793,0.7934,-0.03721,-0.4241,0.1471
287.20,288.47,288.48,0,-1.51571,0,|r_qp|,cross-domain,0.0000,0.0000,-6.243,-2.772,-4.378,0,-8.793,0.7419,-0.05332,-0.9822,-0.8079
287.60,288.87,288.88,0,-0.41060,0,|r_qp|,cross-domain,0.0000,0.0000,-6.243,-2.772,-4.378,0,-8.793,1.247,0.3969,4.686,32.45
288.00,289.27,289.28,0,-1.12982,0,|r_qp|,cross-domain,0.0000,0.0000,-6.243,-2.772,-4.378,0,-8.793,1.837,-0.1075,0.1175,0.2202
288.40,289.67,289.68,0,-1.01529,0,|r_qp|,cross-domain,0.0000,0.0000,-6.243,-2.772,-4.378,0,-8.793,3.048,0.4334,0.4052,-0.1377
288.80,290.07,290.08,0,-1.93830,0,|r_qp|,cross-domain,0.0000,0.0000,-6.243,-2.772,-4.378,0,-8.793,3.816,1.161,0.6686,42.87
289.20,290.47,290.48,0,-1.58572,0,|r_qp|,cross-domain,0.0000,0.0000,-6.243,-2.772,-4.378,0,-8.793,3.214,1.506,-1.14,-0.3531
289.60,290.87,290.88,0,-1.68476,0,|r_qp|,cross-domain,0.0000,0.0000,-6.243,-2.772,-4.378,0,-8.793,1.361,1.159,-1.324,-0.7538
290.00,291.27,291.28,0,-2.39464,0,|r_qp|,cross-domain,0.0000,0.0000,-6.243,-2.772,-4.378,0,-8.793,-0.4071,0.959,-0.04266,46.14
290.40,291.67,291.68,0,-1.54271,0,|r_qp|,cross-domain,0.0000,0.0000,-6.243,-2.772,-4.378,0,-8.793,-0.6189,0.8222,-0.6953,-0.1269
290.80,292.07,292.08,0,-1.57534,0,|r_qp|,cross-domain,0.0000,0.0000,-6.243,-2.772,-4.378,0,-8.793,0.3119,1.537,-0.8101,-0.8341
291.20,292.47,292.48,0,-1.84114,0,|r_qp|,cross-domain,0.0000,0.0000,-6.243,-2.772,-4.378,0,-8.793,1.489,2.764,1.203,38.16
291.60,292.87,292.88,0,-1.27932,0,|r_qp|,cross-domain,0.0000,0.0000,-6.243,-2.772,-4.378,0,-8.793,2.227,2.796,0.1902,0.3571
292.00,293.27,293.28,0,-1.32026,0,|r_qp|,cross-domain,0.0000,0.0000,-6.243,-2.772,-4.378,0,-8.793,3.194,2.58,-0.1575,-0.7136
292.40,293.67,293.68,0,-1.43787,0,|r_qp|,cross-domain,0.0000,0.0000,-6.243,-2.772,-4.378,0,-8.793,3.855,2.868,2.01,35.84
292.80,294.07,294.08,0,-1.63695,0,|r_qp|,cross-domain,0.0000,0.0000,-6.243,-2.772,-4.378,0,-8.793,3.484,2.727,-1.083,-0.2511
293.20,294.47,294.48,0,-1.51609,0,|r_qp|,cross-domain,0.0000,0.0000,-6.243,-2.772,-4.378,0,-8.793,1.739,2.686,-0.5506,-0.5319
293.60,294.87,294.88,0,-2.00381,0,|r_qp|,cross-domain,0.0000,0.0000,-6.243,-2.772,-4.378,0,-8.793,0.1488,2.146,0.9107,40.55
294.00,295.27,295.28,0,-1.45520,0,|r_qp|,cross-domain,0.0000,0.0000,-6.243,-2.772,-4.378,0,-8.793,-0.1166,1.676,-0.3222,-0.09434
294.40,295.67,295.68,0,-1.61948,0,|r_qp|,cross-domain,0.0000,0.0000,-6.243,-2.772,-4.378,0,-8.793,0.2273,1.291,-0.9771,-0.7817
294.80,296.07,296.08,0,-1.26137,0,|r_qp|,cross-domain,0.0000,0.0000,-6.243,-2.772,-4.378,0,-8.793,1.065,0.748,2.474,36.23
295.20,296.47,296.48,0,-0.86648,0,|r_qp|,cross-domain,0.0000,0.0000,-6.243,-2.772,-4.378,0,-8.793,1.802,-0.167,0.9045,0.2449
295.60,296.87,296.88,0,-0.97867,0,|r_qp|,cross-domain,0.0000,0.0000,-6.243,-2.772,-4.378,0,-8.793,3.522,1.301,0.591,-0.6778
296.00,297.27,297.28,0,-1.18132,0,|r_qp|,cross-domain,0.0000,0.0000,-6.243,-2.772,-4.378,0,-8.793,4.76,3.373,2.98,38.76
296.40,297.67,297.68,0,-1.49437,0,|r_qp|,cross-domain,0.0000,0.0000,-6.243,-2.772,-4.378,0,-8.793,4.482,4.181,-0.4869,-0.249
296.80,298.07,298.08,0,-1.69462,0,|r_qp|,cross-domain,0.0000,0.0000,-6.243,-2.772,-4.378,0,-8.793,2.643,2.64,-1.221,-0.8581
297.20,298.47,298.48,0,-1.80840,0,|r_qp|,cross-domain,0.0000,0.0000,-6.243,-2.772,-4.378,0,-8.793,0.7757,0.9225,0.8132,35.07
297.60,298.87,298.88,0,-1.46596,0,|r_qp|,cross-domain,0.0000,0.0000,-6.243,-2.772,-4.378,0,-8.793,0.3147,0.01984,-0.7131,0.0165
298.00,299.27,299.28,0,-1.52066,0,|r_qp|,cross-domain,0.0000,0.0000,-6.243,-2.772,-4.378,0,-8.793,0.6166,-0.1183,-0.9754,-0.5182
298.40,299.67,299.68,0,-1.09714,0,|r_qp|,cross-domain,0.0000,0.0000,-6.243,-2.772,-4.378,0,-8.793,1.452,-0.05387,2.595,33.68
